instance_id,func,dim,dim_bin,budget_tier,algo,best_median
sphere_d5_i000,sphere,5,d<=5,200xD,PSO_STD,0.29013572311150915
sphere_d5_i000,sphere,5,d<=5,200xD,PSO_CONSTR,0.001062532964864577
sphere_d5_i000,sphere,5,d<=5,200xD,PSO_RING,0.10697321957895625
sphere_d5_i000,sphere,5,d<=5,200xD,DE,0.02264414802220515
sphere_d5_i000,sphere,5,d<=5,200xD,GA,0.23882707109422188
sphere_d5_i000,sphere,5,d<=5,200xD,ES_ML,0.002739575393165888
sphere_d5_i000,sphere,5,d<=5,200xD,GWO,0.32321288289872796
sphere_d5_i000,sphere,5,d<=5,200xD,MFO,3.0571629036583734
sphere_d5_i000,sphere,5,d<=5,200xD,WOA,0.3506562270238821
sphere_d5_i000,sphere,5,d<=5,200xD,FA,0.759116006460008
sphere_d5_i000,sphere,5,d<=5,200xD,BA,0.15037665360310978
sphere_d5_i000,sphere,5,d<=5,200xD,ALO,1.9087859653367474
sphere_d5_i000,sphere,5,d<=5,1000xD,PSO_STD,1.195999456170541e-13
sphere_d5_i000,sphere,5,d<=5,1000xD,PSO_CONSTR,7.204683676704167e-18
sphere_d5_i000,sphere,5,d<=5,1000xD,PSO_RING,1.0097592974339826e-10
sphere_d5_i000,sphere,5,d<=5,1000xD,DE,7.479638545312592e-09
sphere_d5_i000,sphere,5,d<=5,1000xD,GA,0.06236994037268381
sphere_d5_i000,sphere,5,d<=5,1000xD,ES_ML,2.9331303267999866e-19
sphere_d5_i000,sphere,5,d<=5,1000xD,GWO,0.15777478019259583
sphere_d5_i000,sphere,5,d<=5,1000xD,MFO,3.53886752305967
sphere_d5_i000,sphere,5,d<=5,1000xD,WOA,0.1726814269552708
sphere_d5_i000,sphere,5,d<=5,1000xD,FA,0.33371798791003066
sphere_d5_i000,sphere,5,d<=5,1000xD,BA,0.08373942449553773
sphere_d5_i000,sphere,5,d<=5,1000xD,ALO,1.4016781468565676
sphere_d5_i001,sphere,5,d<=5,200xD,PSO_STD,0.6874362064182213
sphere_d5_i001,sphere,5,d<=5,200xD,PSO_CONSTR,0.00014637831548596086
sphere_d5_i001,sphere,5,d<=5,200xD,PSO_RING,0.022437182157044912
sphere_d5_i001,sphere,5,d<=5,200xD,DE,0.06663145609384094
sphere_d5_i001,sphere,5,d<=5,200xD,GA,0.3537500115090546
sphere_d5_i001,sphere,5,d<=5,200xD,ES_ML,0.015521196945175876
sphere_d5_i001,sphere,5,d<=5,200xD,GWO,0.3203290464639675
sphere_d5_i001,sphere,5,d<=5,200xD,MFO,2.531860737660653
sphere_d5_i001,sphere,5,d<=5,200xD,WOA,0.43792278860181444
sphere_d5_i001,sphere,5,d<=5,200xD,FA,0.7384652607956779
sphere_d5_i001,sphere,5,d<=5,200xD,BA,0.2378689930268749
sphere_d5_i001,sphere,5,d<=5,200xD,ALO,2.353043253339204
sphere_d5_i001,sphere,5,d<=5,1000xD,PSO_STD,1.1886103973340644e-13
sphere_d5_i001,sphere,5,d<=5,1000xD,PSO_CONSTR,5.143028829226057e-18
sphere_d5_i001,sphere,5,d<=5,1000xD,PSO_RING,3.813224638999907e-11
sphere_d5_i001,sphere,5,d<=5,1000xD,DE,5.64548590296626e-09
sphere_d5_i001,sphere,5,d<=5,1000xD,GA,0.12752091534667054
sphere_d5_i001,sphere,5,d<=5,1000xD,ES_ML,5.736715305533096e-19
sphere_d5_i001,sphere,5,d<=5,1000xD,GWO,0.2720836217067521
sphere_d5_i001,sphere,5,d<=5,1000xD,MFO,2.619630023422377
sphere_d5_i001,sphere,5,d<=5,1000xD,WOA,0.06688181556691696
sphere_d5_i001,sphere,5,d<=5,1000xD,FA,0.46144990485760273
sphere_d5_i001,sphere,5,d<=5,1000xD,BA,0.07702348935423016
sphere_d5_i001,sphere,5,d<=5,1000xD,ALO,1.1739152809666806
sphere_d5_i002,sphere,5,d<=5,200xD,PSO_STD,0.0017812688417187315
sphere_d5_i002,sphere,5,d<=5,200xD,PSO_CONSTR,0.0008886889706576531
sphere_d5_i002,sphere,5,d<=5,200xD,PSO_RING,0.010774165600449245
sphere_d5_i002,sphere,5,d<=5,200xD,DE,0.14707021096847464
sphere_d5_i002,sphere,5,d<=5,200xD,GA,0.15785766709017596
sphere_d5_i002,sphere,5,d<=5,200xD,ES_ML,0.003673608912665385
sphere_d5_i002,sphere,5,d<=5,200xD,GWO,0.018993843357901385
sphere_d5_i002,sphere,5,d<=5,200xD,MFO,6.090783000204776
sphere_d5_i002,sphere,5,d<=5,200xD,WOA,0.28715330705127795
sphere_d5_i002,sphere,5,d<=5,200xD,FA,0.7950215134774783
sphere_d5_i002,sphere,5,d<=5,200xD,BA,0.3110726419007599
sphere_d5_i002,sphere,5,d<=5,200xD,ALO,4.147838288630362
sphere_d5_i002,sphere,5,d<=5,1000xD,PSO_STD,1.3771162815739947e-14
sphere_d5_i002,sphere,5,d<=5,1000xD,PSO_CONSTR,5.47813429211624e-18
sphere_d5_i002,sphere,5,d<=5,1000xD,PSO_RING,3.202261443331017e-11
sphere_d5_i002,sphere,5,d<=5,1000xD,DE,7.240867533863342e-09
sphere_d5_i002,sphere,5,d<=5,1000xD,GA,0.13588554956956594
sphere_d5_i002,sphere,5,d<=5,1000xD,ES_ML,2.234283746373877e-18
sphere_d5_i002,sphere,5,d<=5,1000xD,GWO,0.014983904480599807
sphere_d5_i002,sphere,5,d<=5,1000xD,MFO,3.443042920694313
sphere_d5_i002,sphere,5,d<=5,1000xD,WOA,0.15766841248873048
sphere_d5_i002,sphere,5,d<=5,1000xD,FA,0.42394806630736087
sphere_d5_i002,sphere,5,d<=5,1000xD,BA,0.04626905849856246
sphere_d5_i002,sphere,5,d<=5,1000xD,ALO,3.0301498319884534
sphere_d5_i003,sphere,5,d<=5,200xD,PSO_STD,0.0016024667024935437
sphere_d5_i003,sphere,5,d<=5,200xD,PSO_CONSTR,0.0006416122070028805
sphere_d5_i003,sphere,5,d<=5,200xD,PSO_RING,0.0270424302810588
sphere_d5_i003,sphere,5,d<=5,200xD,DE,0.1636186076174315
sphere_d5_i003,sphere,5,d<=5,200xD,GA,0.1546765696227715
sphere_d5_i003,sphere,5,d<=5,200xD,ES_ML,0.004484488796355417
sphere_d5_i003,sphere,5,d<=5,200xD,GWO,0.32431552204859154
sphere_d5_i003,sphere,5,d<=5,200xD,MFO,7.6771547337226185
sphere_d5_i003,sphere,5,d<=5,200xD,WOA,0.2968818863095516
sphere_d5_i003,sphere,5,d<=5,200xD,FA,0.6757859234081227
sphere_d5_i003,sphere,5,d<=5,200xD,BA,0.05065282443697733
sphere_d5_i003,sphere,5,d<=5,200xD,ALO,3.2125027729312516
sphere_d5_i003,sphere,5,d<=5,1000xD,PSO_STD,7.163186674489488e-15
sphere_d5_i003,sphere,5,d<=5,1000xD,PSO_CONSTR,5.800273316628427e-18
sphere_d5_i003,sphere,5,d<=5,1000xD,PSO_RING,2.4403044682533853e-10
sphere_d5_i003,sphere,5,d<=5,1000xD,DE,1.548529797459113e-08
sphere_d5_i003,sphere,5,d<=5,1000xD,GA,0.07660078804547205
sphere_d5_i003,sphere,5,d<=5,1000xD,ES_ML,1.8577513976293344e-17
sphere_d5_i003,sphere,5,d<=5,1000xD,GWO,0.1509109513631696
sphere_d5_i003,sphere,5,d<=5,1000xD,MFO,2.2693305012297387
sphere_d5_i003,sphere,5,d<=5,1000xD,WOA,0.07639467879612528
sphere_d5_i003,sphere,5,d<=5,1000xD,FA,0.3597859176284512
sphere_d5_i003,sphere,5,d<=5,1000xD,BA,0.1117520025476746
sphere_d5_i003,sphere,5,d<=5,1000xD,ALO,2.2644436171234092
sphere_d5_i004,sphere,5,d<=5,200xD,PSO_STD,0.002090266756056512
sphere_d5_i004,sphere,5,d<=5,200xD,PSO_CONSTR,0.000893621286935348
sphere_d5_i004,sphere,5,d<=5,200xD,PSO_RING,0.03115941114561666
sphere_d5_i004,sphere,5,d<=5,200xD,DE,0.10979957354416198
sphere_d5_i004,sphere,5,d<=5,200xD,GA,0.20180033289497312
sphere_d5_i004,sphere,5,d<=5,200xD,ES_ML,0.007721685330649387
sphere_d5_i004,sphere,5,d<=5,200xD,GWO,0.2735376081965274
sphere_d5_i004,sphere,5,d<=5,200xD,MFO,4.94775135445669
sphere_d5_i004,sphere,5,d<=5,200xD,WOA,0.17567531861167807
sphere_d5_i004,sphere,5,d<=5,200xD,FA,0.9389752420896782
sphere_d5_i004,sphere,5,d<=5,200xD,BA,0.32223829801780224
sphere_d5_i004,sphere,5,d<=5,200xD,ALO,3.642885384893521
sphere_d5_i004,sphere,5,d<=5,1000xD,PSO_STD,3.604637867292456e-14
sphere_d5_i004,sphere,5,d<=5,1000xD,PSO_CONSTR,8.598162127124181e-18
sphere_d5_i004,sphere,5,d<=5,1000xD,PSO_RING,3.3474173074913e-10
sphere_d5_i004,sphere,5,d<=5,1000xD,DE,2.7780595569280817e-08
sphere_d5_i004,sphere,5,d<=5,1000xD,GA,0.11611746836933179
sphere_d5_i004,sphere,5,d<=5,1000xD,ES_ML,2.402297957874868e-18
sphere_d5_i004,sphere,5,d<=5,1000xD,GWO,0.06965678876303873
sphere_d5_i004,sphere,5,d<=5,1000xD,MFO,3.5132022350215184
sphere_d5_i004,sphere,5,d<=5,1000xD,WOA,0.09084145959041542
sphere_d5_i004,sphere,5,d<=5,1000xD,FA,0.2908581904408755
sphere_d5_i004,sphere,5,d<=5,1000xD,BA,0.09159412884013306
sphere_d5_i004,sphere,5,d<=5,1000xD,ALO,2.6148090636082446
sphere_d10_i000,sphere,10,d<=10,200xD,PSO_STD,2.417394808523442
sphere_d10_i000,sphere,10,d<=10,200xD,PSO_CONSTR,1.6046751732329267
sphere_d10_i000,sphere,10,d<=10,200xD,PSO_RING,0.8011145161420425
sphere_d10_i000,sphere,10,d<=10,200xD,DE,0.6233703708599005
sphere_d10_i000,sphere,10,d<=10,200xD,GA,1.3408253946560278
sphere_d10_i000,sphere,10,d<=10,200xD,ES_ML,0.0033163229472363133
sphere_d10_i000,sphere,10,d<=10,200xD,GWO,1.9422812224001211
sphere_d10_i000,sphere,10,d<=10,200xD,MFO,27.273924704935723
sphere_d10_i000,sphere,10,d<=10,200xD,WOA,2.8904986211869237
sphere_d10_i000,sphere,10,d<=10,200xD,FA,5.359162990315078
sphere_d10_i000,sphere,10,d<=10,200xD,BA,1.098801006542353
sphere_d10_i000,sphere,10,d<=10,200xD,ALO,9.627390578237932
sphere_d10_i000,sphere,10,d<=10,1000xD,PSO_STD,3.424504734512963
sphere_d10_i000,sphere,10,d<=10,1000xD,PSO_CONSTR,2.423614034620443
sphere_d10_i000,sphere,10,d<=10,1000xD,PSO_RING,1.8736173494310758e-11
sphere_d10_i000,sphere,10,d<=10,1000xD,DE,2.733514061084966e-05
sphere_d10_i000,sphere,10,d<=10,1000xD,GA,0.5092986938175996
sphere_d10_i000,sphere,10,d<=10,1000xD,ES_ML,4.8418481857374685e-20
sphere_d10_i000,sphere,10,d<=10,1000xD,GWO,1.2249709031877931
sphere_d10_i000,sphere,10,d<=10,1000xD,MFO,21.166066368372142
sphere_d10_i000,sphere,10,d<=10,1000xD,WOA,1.1867633281254029
sphere_d10_i000,sphere,10,d<=10,1000xD,FA,2.6125262000749125
sphere_d10_i000,sphere,10,d<=10,1000xD,BA,1.0732873811951575
sphere_d10_i000,sphere,10,d<=10,1000xD,ALO,9.171232048797355
sphere_d10_i001,sphere,10,d<=10,200xD,PSO_STD,3.7555371277196583
sphere_d10_i001,sphere,10,d<=10,200xD,PSO_CONSTR,0.7856912533472464
sphere_d10_i001,sphere,10,d<=10,200xD,PSO_RING,0.10071691372033148
sphere_d10_i001,sphere,10,d<=10,200xD,DE,0.44199165803943763
sphere_d10_i001,sphere,10,d<=10,200xD,GA,1.531573588335386
sphere_d10_i001,sphere,10,d<=10,200xD,ES_ML,0.0042384508057971395
sphere_d10_i001,sphere,10,d<=10,200xD,GWO,2.006911732606809
sphere_d10_i001,sphere,10,d<=10,200xD,MFO,19.508933609688704
sphere_d10_i001,sphere,10,d<=10,200xD,WOA,1.6606056457894263
sphere_d10_i001,sphere,10,d<=10,200xD,FA,5.009885483527404
sphere_d10_i001,sphere,10,d<=10,200xD,BA,1.2581727934279272
sphere_d10_i001,sphere,10,d<=10,200xD,ALO,12.068010279388956
sphere_d10_i001,sphere,10,d<=10,1000xD,PSO_STD,1.0958982241337265
sphere_d10_i001,sphere,10,d<=10,1000xD,PSO_CONSTR,0.6278699508111443
sphere_d10_i001,sphere,10,d<=10,1000xD,PSO_RING,1.6966949637636748e-10
sphere_d10_i001,sphere,10,d<=10,1000xD,DE,8.818435437580384e-06
sphere_d10_i001,sphere,10,d<=10,1000xD,GA,0.6845342895608825
sphere_d10_i001,sphere,10,d<=10,1000xD,ES_ML,8.220508166114616e-20
sphere_d10_i001,sphere,10,d<=10,1000xD,GWO,1.3604026075530067
sphere_d10_i001,sphere,10,d<=10,1000xD,MFO,15.98294551688641
sphere_d10_i001,sphere,10,d<=10,1000xD,WOA,1.3164921267224505
sphere_d10_i001,sphere,10,d<=10,1000xD,FA,2.5377092061380027
sphere_d10_i001,sphere,10,d<=10,1000xD,BA,0.8518644199641857
sphere_d10_i001,sphere,10,d<=10,1000xD,ALO,7.545127375897276
sphere_d10_i002,sphere,10,d<=10,200xD,PSO_STD,0.004684989122955947
sphere_d10_i002,sphere,10,d<=10,200xD,PSO_CONSTR,0.004137728984805136
sphere_d10_i002,sphere,10,d<=10,200xD,PSO_RING,0.08542045126643776
sphere_d10_i002,sphere,10,d<=10,200xD,DE,0.6224266782905649
sphere_d10_i002,sphere,10,d<=10,200xD,GA,1.4604616677165043
sphere_d10_i002,sphere,10,d<=10,200xD,ES_ML,0.004039224241670759
sphere_d10_i002,sphere,10,d<=10,200xD,GWO,1.6704964183809357
sphere_d10_i002,sphere,10,d<=10,200xD,MFO,38.44658641442717
sphere_d10_i002,sphere,10,d<=10,200xD,WOA,4.133838181216077
sphere_d10_i002,sphere,10,d<=10,200xD,FA,5.527569177916378
sphere_d10_i002,sphere,10,d<=10,200xD,BA,1.1069178912158348
sphere_d10_i002,sphere,10,d<=10,200xD,ALO,18.481372489485167
sphere_d10_i002,sphere,10,d<=10,1000xD,PSO_STD,0.0041331557900209336
sphere_d10_i002,sphere,10,d<=10,1000xD,PSO_CONSTR,1.0054907077709816
sphere_d10_i002,sphere,10,d<=10,1000xD,PSO_RING,4.893080095908427e-11
sphere_d10_i002,sphere,10,d<=10,1000xD,DE,4.580654632934721e-05
sphere_d10_i002,sphere,10,d<=10,1000xD,GA,0.937438756852781
sphere_d10_i002,sphere,10,d<=10,1000xD,ES_ML,3.4630036047274433e-18
sphere_d10_i002,sphere,10,d<=10,1000xD,GWO,0.8775757601117052
sphere_d10_i002,sphere,10,d<=10,1000xD,MFO,20.550721985211087
sphere_d10_i002,sphere,10,d<=10,1000xD,WOA,2.6590039444100015
sphere_d10_i002,sphere,10,d<=10,1000xD,FA,3.6693626796626475
sphere_d10_i002,sphere,10,d<=10,1000xD,BA,1.0386071262180365
sphere_d10_i002,sphere,10,d<=10,1000xD,ALO,15.214347536048754
sphere_d10_i003,sphere,10,d<=10,200xD,PSO_STD,0.8243899738925857
sphere_d10_i003,sphere,10,d<=10,200xD,PSO_CONSTR,0.45811635708724485
sphere_d10_i003,sphere,10,d<=10,200xD,PSO_RING,0.14860976735348883
sphere_d10_i003,sphere,10,d<=10,200xD,DE,0.2840502446865685
sphere_d10_i003,sphere,10,d<=10,200xD,GA,0.6229936947495843
sphere_d10_i003,sphere,10,d<=10,200xD,ES_ML,0.003680175904254718
sphere_d10_i003,sphere,10,d<=10,200xD,GWO,0.8594354025493721
sphere_d10_i003,sphere,10,d<=10,200xD,MFO,34.36274325353044
sphere_d10_i003,sphere,10,d<=10,200xD,WOA,1.1425956514857638
sphere_d10_i003,sphere,10,d<=10,200xD,FA,3.2424667798874234
sphere_d10_i003,sphere,10,d<=10,200xD,BA,0.7172138559807476
sphere_d10_i003,sphere,10,d<=10,200xD,ALO,15.425597497071003
sphere_d10_i003,sphere,10,d<=10,1000xD,PSO_STD,0.4931943099920961
sphere_d10_i003,sphere,10,d<=10,1000xD,PSO_CONSTR,1.2525508207352636
sphere_d10_i003,sphere,10,d<=10,1000xD,PSO_RING,7.002061513521179e-11
sphere_d10_i003,sphere,10,d<=10,1000xD,DE,1.1714139434520768e-05
sphere_d10_i003,sphere,10,d<=10,1000xD,GA,0.6492443559940636
sphere_d10_i003,sphere,10,d<=10,1000xD,ES_ML,1.341563988858259e-18
sphere_d10_i003,sphere,10,d<=10,1000xD,GWO,0.6256056672470821
sphere_d10_i003,sphere,10,d<=10,1000xD,MFO,16.8087247436317
sphere_d10_i003,sphere,10,d<=10,1000xD,WOA,0.6209387064562245
sphere_d10_i003,sphere,10,d<=10,1000xD,FA,2.0209739240373787
sphere_d10_i003,sphere,10,d<=10,1000xD,BA,0.6310107358714727
sphere_d10_i003,sphere,10,d<=10,1000xD,ALO,6.335348026171682
sphere_d10_i004,sphere,10,d<=10,200xD,PSO_STD,0.45897786923942596
sphere_d10_i004,sphere,10,d<=10,200xD,PSO_CONSTR,0.39406978126752706
sphere_d10_i004,sphere,10,d<=10,200xD,PSO_RING,0.14709115301494544
sphere_d10_i004,sphere,10,d<=10,200xD,DE,0.8129900088975562
sphere_d10_i004,sphere,10,d<=10,200xD,GA,1.0098077662105072
sphere_d10_i004,sphere,10,d<=10,200xD,ES_ML,0.010548204912951472
sphere_d10_i004,sphere,10,d<=10,200xD,GWO,1.871823426412444
sphere_d10_i004,sphere,10,d<=10,200xD,MFO,20.816427608295275
sphere_d10_i004,sphere,10,d<=10,200xD,WOA,3.7738296479631788
sphere_d10_i004,sphere,10,d<=10,200xD,FA,5.704242791851677
sphere_d10_i004,sphere,10,d<=10,200xD,BA,0.9919954831695554
sphere_d10_i004,sphere,10,d<=10,200xD,ALO,10.20481421478328
sphere_d10_i004,sphere,10,d<=10,1000xD,PSO_STD,0.45540767915548463
sphere_d10_i004,sphere,10,d<=10,1000xD,PSO_CONSTR,1.6002262124105935
sphere_d10_i004,sphere,10,d<=10,1000xD,PSO_RING,1.7091319591827535e-10
sphere_d10_i004,sphere,10,d<=10,1000xD,DE,1.822583537236891e-05
sphere_d10_i004,sphere,10,d<=10,1000xD,GA,0.6575538366592368
sphere_d10_i004,sphere,10,d<=10,1000xD,ES_ML,3.598788958281091e-18
sphere_d10_i004,sphere,10,d<=10,1000xD,GWO,1.144146763910252
sphere_d10_i004,sphere,10,d<=10,1000xD,MFO,12.508876673521444
sphere_d10_i004,sphere,10,d<=10,1000xD,WOA,0.9368030767846611
sphere_d10_i004,sphere,10,d<=10,1000xD,FA,2.5386307774183545
sphere_d10_i004,sphere,10,d<=10,1000xD,BA,0.807663909142421
sphere_d10_i004,sphere,10,d<=10,1000xD,ALO,9.429848579715667
rosenbrock_d5_i000,rosenbrock,5,d<=5,200xD,PSO_STD,5.573076984396217
rosenbrock_d5_i000,rosenbrock,5,d<=5,200xD,PSO_CONSTR,0.26290820304793344
rosenbrock_d5_i000,rosenbrock,5,d<=5,200xD,PSO_RING,6.981153553805359
rosenbrock_d5_i000,rosenbrock,5,d<=5,200xD,DE,13.58309830660528
rosenbrock_d5_i000,rosenbrock,5,d<=5,200xD,GA,34.226129889115626
rosenbrock_d5_i000,rosenbrock,5,d<=5,200xD,ES_ML,8.393627322899672
rosenbrock_d5_i000,rosenbrock,5,d<=5,200xD,GWO,28.252137533077683
rosenbrock_d5_i000,rosenbrock,5,d<=5,200xD,MFO,1502.7199995199055
rosenbrock_d5_i000,rosenbrock,5,d<=5,200xD,WOA,31.810667957293134
rosenbrock_d5_i000,rosenbrock,5,d<=5,200xD,FA,97.21738705630146
rosenbrock_d5_i000,rosenbrock,5,d<=5,200xD,BA,9.407931891538292
rosenbrock_d5_i000,rosenbrock,5,d<=5,200xD,ALO,211.12840460510088
rosenbrock_d5_i000,rosenbrock,5,d<=5,1000xD,PSO_STD,3.9337151160537975
rosenbrock_d5_i000,rosenbrock,5,d<=5,1000xD,PSO_CONSTR,0.23058903675257045
rosenbrock_d5_i000,rosenbrock,5,d<=5,1000xD,PSO_RING,0.23058904039017328
rosenbrock_d5_i000,rosenbrock,5,d<=5,1000xD,DE,4.5171754842431194e-05
rosenbrock_d5_i000,rosenbrock,5,d<=5,1000xD,GA,14.757641461541434
rosenbrock_d5_i000,rosenbrock,5,d<=5,1000xD,ES_ML,0.13551452630350824
rosenbrock_d5_i000,rosenbrock,5,d<=5,1000xD,GWO,14.242434764975258
rosenbrock_d5_i000,rosenbrock,5,d<=5,1000xD,MFO,406.45927720838944
rosenbrock_d5_i000,rosenbrock,5,d<=5,1000xD,WOA,5.272430907840736
rosenbrock_d5_i000,rosenbrock,5,d<=5,1000xD,FA,28.909634191031348
rosenbrock_d5_i000,rosenbrock,5,d<=5,1000xD,BA,5.397968943879459
rosenbrock_d5_i000,rosenbrock,5,d<=5,1000xD,ALO,92.67592695703796
rosenbrock_d5_i001,rosenbrock,5,d<=5,200xD,PSO_STD,3.312337436662323
rosenbrock_d5_i001,rosenbrock,5,d<=5,200xD,PSO_CONSTR,2.5623666503354245
rosenbrock_d5_i001,rosenbrock,5,d<=5,200xD,PSO_RING,5.712265713296494
rosenbrock_d5_i001,rosenbrock,5,d<=5,200xD,DE,14.4324323909247
rosenbrock_d5_i001,rosenbrock,5,d<=5,200xD,GA,13.339416721394565
rosenbrock_d5_i001,rosenbrock,5,d<=5,200xD,ES_ML,4.816393531739001
rosenbrock_d5_i001,rosenbrock,5,d<=5,200xD,GWO,10.061572020177
rosenbrock_d5_i001,rosenbrock,5,d<=5,200xD,MFO,948.1508842503694
rosenbrock_d5_i001,rosenbrock,5,d<=5,200xD,WOA,43.00950240335999
rosenbrock_d5_i001,rosenbrock,5,d<=5,200xD,FA,130.57368095763812
rosenbrock_d5_i001,rosenbrock,5,d<=5,200xD,BA,13.71423327563978
rosenbrock_d5_i001,rosenbrock,5,d<=5,200xD,ALO,627.1470781047099
rosenbrock_d5_i001,rosenbrock,5,d<=5,1000xD,PSO_STD,0.3994383713241825
rosenbrock_d5_i001,rosenbrock,5,d<=5,1000xD,PSO_CONSTR,0.18445675756404292
rosenbrock_d5_i001,rosenbrock,5,d<=5,1000xD,PSO_RING,1.4456496802324388
rosenbrock_d5_i001,rosenbrock,5,d<=5,1000xD,DE,0.011848484677314013
rosenbrock_d5_i001,rosenbrock,5,d<=5,1000xD,GA,7.03131027101799
rosenbrock_d5_i001,rosenbrock,5,d<=5,1000xD,ES_ML,1.8138198595721362
rosenbrock_d5_i001,rosenbrock,5,d<=5,1000xD,GWO,10.675052344465197
rosenbrock_d5_i001,rosenbrock,5,d<=5,1000xD,MFO,341.34295772053747
rosenbrock_d5_i001,rosenbrock,5,d<=5,1000xD,WOA,11.522899877443802
rosenbrock_d5_i001,rosenbrock,5,d<=5,1000xD,FA,26.489966069786934
rosenbrock_d5_i001,rosenbrock,5,d<=5,1000xD,BA,6.660112387281539
rosenbrock_d5_i001,rosenbrock,5,d<=5,1000xD,ALO,134.04712249062698
rosenbrock_d5_i002,rosenbrock,5,d<=5,200xD,PSO_STD,3.4250734415608695
rosenbrock_d5_i002,rosenbrock,5,d<=5,200xD,PSO_CONSTR,4.106688204721012
rosenbrock_d5_i002,rosenbrock,5,d<=5,200xD,PSO_RING,7.807147930125112
rosenbrock_d5_i002,rosenbrock,5,d<=5,200xD,DE,7.603076680186209
rosenbrock_d5_i002,rosenbrock,5,d<=5,200xD,GA,43.82406854496999
rosenbrock_d5_i002,rosenbrock,5,d<=5,200xD,ES_ML,1.4926639739553282
rosenbrock_d5_i002,rosenbrock,5,d<=5,200xD,GWO,22.175091840436792
rosenbrock_d5_i002,rosenbrock,5,d<=5,200xD,MFO,512.39815296476
rosenbrock_d5_i002,rosenbrock,5,d<=5,200xD,WOA,26.236825933468772
rosenbrock_d5_i002,rosenbrock,5,d<=5,200xD,FA,85.40927726058601
rosenbrock_d5_i002,rosenbrock,5,d<=5,200xD,BA,39.37712517422238
rosenbrock_d5_i002,rosenbrock,5,d<=5,200xD,ALO,467.84468204579764
rosenbrock_d5_i002,rosenbrock,5,d<=5,1000xD,PSO_STD,0.41315011049865236
rosenbrock_d5_i002,rosenbrock,5,d<=5,1000xD,PSO_CONSTR,2.4281510006661544
rosenbrock_d5_i002,rosenbrock,5,d<=5,1000xD,PSO_RING,0.6880813945735909
rosenbrock_d5_i002,rosenbrock,5,d<=5,1000xD,DE,0.0006078897777997191
rosenbrock_d5_i002,rosenbrock,5,d<=5,1000xD,GA,14.725170175577631
rosenbrock_d5_i002,rosenbrock,5,d<=5,1000xD,ES_ML,0.5629494411652556
rosenbrock_d5_i002,rosenbrock,5,d<=5,1000xD,GWO,8.32154285563034
rosenbrock_d5_i002,rosenbrock,5,d<=5,1000xD,MFO,334.5937805673452
rosenbrock_d5_i002,rosenbrock,5,d<=5,1000xD,WOA,10.794928108953162
rosenbrock_d5_i002,rosenbrock,5,d<=5,1000xD,FA,30.64482317330338
rosenbrock_d5_i002,rosenbrock,5,d<=5,1000xD,BA,11.931415532583394
rosenbrock_d5_i002,rosenbrock,5,d<=5,1000xD,ALO,105.63079060766486
rosenbrock_d5_i003,rosenbrock,5,d<=5,200xD,PSO_STD,0.4553733865035845
rosenbrock_d5_i003,rosenbrock,5,d<=5,200xD,PSO_CONSTR,0.4790141042286722
rosenbrock_d5_i003,rosenbrock,5,d<=5,200xD,PSO_RING,4.487300963013249
rosenbrock_d5_i003,rosenbrock,5,d<=5,200xD,DE,17.49187956965687
rosenbrock_d5_i003,rosenbrock,5,d<=5,200xD,GA,39.51212584888416
rosenbrock_d5_i003,rosenbrock,5,d<=5,200xD,ES_ML,5.477657431042389
rosenbrock_d5_i003,rosenbrock,5,d<=5,200xD,GWO,51.141194141136786
rosenbrock_d5_i003,rosenbrock,5,d<=5,200xD,MFO,570.1455418716505
rosenbrock_d5_i003,rosenbrock,5,d<=5,200xD,WOA,246.526604492571
rosenbrock_d5_i003,rosenbrock,5,d<=5,200xD,FA,69.05931520228239
rosenbrock_d5_i003,rosenbrock,5,d<=5,200xD,BA,33.31161522159383
rosenbrock_d5_i003,rosenbrock,5,d<=5,200xD,ALO,579.5588679903466
rosenbrock_d5_i003,rosenbrock,5,d<=5,1000xD,PSO_STD,4.021448251500344
rosenbrock_d5_i003,rosenbrock,5,d<=5,1000xD,PSO_CONSTR,140.28501793029568
rosenbrock_d5_i003,rosenbrock,5,d<=5,1000xD,PSO_RING,0.4073318840523468
rosenbrock_d5_i003,rosenbrock,5,d<=5,1000xD,DE,0.01303040083940382
rosenbrock_d5_i003,rosenbrock,5,d<=5,1000xD,GA,17.972205589555617
rosenbrock_d5_i003,rosenbrock,5,d<=5,1000xD,ES_ML,5.025139206924552
rosenbrock_d5_i003,rosenbrock,5,d<=5,1000xD,GWO,24.407694269144898
rosenbrock_d5_i003,rosenbrock,5,d<=5,1000xD,MFO,537.0515658374907
rosenbrock_d5_i003,rosenbrock,5,d<=5,1000xD,WOA,7.623751945981874
rosenbrock_d5_i003,rosenbrock,5,d<=5,1000xD,FA,33.87064201414077
rosenbrock_d5_i003,rosenbrock,5,d<=5,1000xD,BA,16.048757535403958
rosenbrock_d5_i003,rosenbrock,5,d<=5,1000xD,ALO,247.61559251164692
rosenbrock_d5_i004,rosenbrock,5,d<=5,200xD,PSO_STD,3.8304255182991738
rosenbrock_d5_i004,rosenbrock,5,d<=5,200xD,PSO_CONSTR,3.739414231992355
rosenbrock_d5_i004,rosenbrock,5,d<=5,200xD,PSO_RING,3.3725228385774164
rosenbrock_d5_i004,rosenbrock,5,d<=5,200xD,DE,21.473160905033588
rosenbrock_d5_i004,rosenbrock,5,d<=5,200xD,GA,12.495860937264293
rosenbrock_d5_i004,rosenbrock,5,d<=5,200xD,ES_ML,4.908829355403542
rosenbrock_d5_i004,rosenbrock,5,d<=5,200xD,GWO,6.510462701489239
rosenbrock_d5_i004,rosenbrock,5,d<=5,200xD,MFO,1431.0330555812989
rosenbrock_d5_i004,rosenbrock,5,d<=5,200xD,WOA,15.003092487111727
rosenbrock_d5_i004,rosenbrock,5,d<=5,200xD,FA,101.00558761005581
rosenbrock_d5_i004,rosenbrock,5,d<=5,200xD,BA,71.95023757996574
rosenbrock_d5_i004,rosenbrock,5,d<=5,200xD,ALO,315.4146668961498
rosenbrock_d5_i004,rosenbrock,5,d<=5,1000xD,PSO_STD,3.735266247107801
rosenbrock_d5_i004,rosenbrock,5,d<=5,1000xD,PSO_CONSTR,3.7352662471061624
rosenbrock_d5_i004,rosenbrock,5,d<=5,1000xD,PSO_RING,0.23725818623834036
rosenbrock_d5_i004,rosenbrock,5,d<=5,1000xD,DE,0.0035670929105539955
rosenbrock_d5_i004,rosenbrock,5,d<=5,1000xD,GA,8.602275117317108
rosenbrock_d5_i004,rosenbrock,5,d<=5,1000xD,ES_ML,2.165691737464055
rosenbrock_d5_i004,rosenbrock,5,d<=5,1000xD,GWO,4.927548171159929
rosenbrock_d5_i004,rosenbrock,5,d<=5,1000xD,MFO,623.2573459874562
rosenbrock_d5_i004,rosenbrock,5,d<=5,1000xD,WOA,6.803391894929143
rosenbrock_d5_i004,rosenbrock,5,d<=5,1000xD,FA,19.080940407247397
rosenbrock_d5_i004,rosenbrock,5,d<=5,1000xD,BA,6.767570229494195
rosenbrock_d5_i004,rosenbrock,5,d<=5,1000xD,ALO,101.71343177524011
rosenbrock_d10_i000,rosenbrock,10,d<=10,200xD,PSO_STD,5.191837428610199
rosenbrock_d10_i000,rosenbrock,10,d<=10,200xD,PSO_CONSTR,7.976888926333013
rosenbrock_d10_i000,rosenbrock,10,d<=10,200xD,PSO_RING,59.11685766720181
rosenbrock_d10_i000,rosenbrock,10,d<=10,200xD,DE,229.58059677212268
rosenbrock_d10_i000,rosenbrock,10,d<=10,200xD,GA,120.60692263959749
rosenbrock_d10_i000,rosenbrock,10,d<=10,200xD,ES_ML,54.88473519303391
rosenbrock_d10_i000,rosenbrock,10,d<=10,200xD,GWO,162.08731109966908
rosenbrock_d10_i000,rosenbrock,10,d<=10,200xD,MFO,14151.609183297036
rosenbrock_d10_i000,rosenbrock,10,d<=10,200xD,WOA,375.0489232760674
rosenbrock_d10_i000,rosenbrock,10,d<=10,200xD,FA,1459.0744859351162
rosenbrock_d10_i000,rosenbrock,10,d<=10,200xD,BA,215.2082873920067
rosenbrock_d10_i000,rosenbrock,10,d<=10,200xD,ALO,5771.4408607381565
rosenbrock_d10_i000,rosenbrock,10,d<=10,1000xD,PSO_STD,3.8776160502588777
rosenbrock_d10_i000,rosenbrock,10,d<=10,1000xD,PSO_CONSTR,3.889578421340532
rosenbrock_d10_i000,rosenbrock,10,d<=10,1000xD,PSO_RING,4.887717694014578
rosenbrock_d10_i000,rosenbrock,10,d<=10,1000xD,DE,4.250785124019247
rosenbrock_d10_i000,rosenbrock,10,d<=10,1000xD,GA,120.0133207137446
rosenbrock_d10_i000,rosenbrock,10,d<=10,1000xD,ES_ML,3.8840009434517984
rosenbrock_d10_i000,rosenbrock,10,d<=10,1000xD,GWO,98.09681075430615
rosenbrock_d10_i000,rosenbrock,10,d<=10,1000xD,MFO,5063.774694049248
rosenbrock_d10_i000,rosenbrock,10,d<=10,1000xD,WOA,270.54922489190955
rosenbrock_d10_i000,rosenbrock,10,d<=10,1000xD,FA,612.1422707759267
rosenbrock_d10_i000,rosenbrock,10,d<=10,1000xD,BA,98.3660026058088
rosenbrock_d10_i000,rosenbrock,10,d<=10,1000xD,ALO,3297.904513764585
rosenbrock_d10_i001,rosenbrock,10,d<=10,200xD,PSO_STD,32.77845050802159
rosenbrock_d10_i001,rosenbrock,10,d<=10,200xD,PSO_CONSTR,62.80932968257814
rosenbrock_d10_i001,rosenbrock,10,d<=10,200xD,PSO_RING,23.97929795036089
rosenbrock_d10_i001,rosenbrock,10,d<=10,200xD,DE,109.9749515426637
rosenbrock_d10_i001,rosenbrock,10,d<=10,200xD,GA,164.67975916713502
rosenbrock_d10_i001,rosenbrock,10,d<=10,200xD,ES_ML,11.998849971863192
rosenbrock_d10_i001,rosenbrock,10,d<=10,200xD,GWO,152.7030813710546
rosenbrock_d10_i001,rosenbrock,10,d<=10,200xD,MFO,11986.053965835594
rosenbrock_d10_i001,rosenbrock,10,d<=10,200xD,WOA,331.4053060309595
rosenbrock_d10_i001,rosenbrock,10,d<=10,200xD,FA,1477.3614899897595
rosenbrock_d10_i001,rosenbrock,10,d<=10,200xD,BA,158.0586021031829
rosenbrock_d10_i001,rosenbrock,10,d<=10,200xD,ALO,7931.344441655103
rosenbrock_d10_i001,rosenbrock,10,d<=10,1000xD,PSO_STD,156.0476749028048
rosenbrock_d10_i001,rosenbrock,10,d<=10,1000xD,PSO_CONSTR,105.54907711126187
rosenbrock_d10_i001,rosenbrock,10,d<=10,1000xD,PSO_RING,5.220325385528678
rosenbrock_d10_i001,rosenbrock,10,d<=10,1000xD,DE,3.653380388969669
rosenbrock_d10_i001,rosenbrock,10,d<=10,1000xD,GA,98.05585876978998
rosenbrock_d10_i001,rosenbrock,10,d<=10,1000xD,ES_ML,5.666419377669445
rosenbrock_d10_i001,rosenbrock,10,d<=10,1000xD,GWO,79.16899486101109
rosenbrock_d10_i001,rosenbrock,10,d<=10,1000xD,MFO,7857.227391044841
rosenbrock_d10_i001,rosenbrock,10,d<=10,1000xD,WOA,157.82412777122988
rosenbrock_d10_i001,rosenbrock,10,d<=10,1000xD,FA,325.08433724260914
rosenbrock_d10_i001,rosenbrock,10,d<=10,1000xD,BA,201.96662463335807
rosenbrock_d10_i001,rosenbrock,10,d<=10,1000xD,ALO,2417.4906607205667
rosenbrock_d10_i002,rosenbrock,10,d<=10,200xD,PSO_STD,9.92454351212151
rosenbrock_d10_i002,rosenbrock,10,d<=10,200xD,PSO_CONSTR,296.5407019335976
rosenbrock_d10_i002,rosenbrock,10,d<=10,200xD,PSO_RING,31.7074193414425
rosenbrock_d10_i002,rosenbrock,10,d<=10,200xD,DE,179.95713229662354
rosenbrock_d10_i002,rosenbrock,10,d<=10,200xD,GA,177.83333929477413
rosenbrock_d10_i002,rosenbrock,10,d<=10,200xD,ES_ML,7.5703023073998486
rosenbrock_d10_i002,rosenbrock,10,d<=10,200xD,GWO,220.76814735108613
rosenbrock_d10_i002,rosenbrock,10,d<=10,200xD,MFO,14876.578793663475
rosenbrock_d10_i002,rosenbrock,10,d<=10,200xD,WOA,712.6635984870215
rosenbrock_d10_i002,rosenbrock,10,d<=10,200xD,FA,1141.6921046941613
rosenbrock_d10_i002,rosenbrock,10,d<=10,200xD,BA,145.49406163723842
rosenbrock_d10_i002,rosenbrock,10,d<=10,200xD,ALO,3733.0784379278216
rosenbrock_d10_i002,rosenbrock,10,d<=10,1000xD,PSO_STD,34.383804463826536
rosenbrock_d10_i002,rosenbrock,10,d<=10,1000xD,PSO_CONSTR,34.38380446382651
rosenbrock_d10_i002,rosenbrock,10,d<=10,1000xD,PSO_RING,7.013307512232609
rosenbrock_d10_i002,rosenbrock,10,d<=10,1000xD,DE,5.815946046774336
rosenbrock_d10_i002,rosenbrock,10,d<=10,1000xD,GA,78.28330369852006
rosenbrock_d10_i002,rosenbrock,10,d<=10,1000xD,ES_ML,7.033820148073833
rosenbrock_d10_i002,rosenbrock,10,d<=10,1000xD,GWO,104.2349705725276
rosenbrock_d10_i002,rosenbrock,10,d<=10,1000xD,MFO,7360.294408695352
rosenbrock_d10_i002,rosenbrock,10,d<=10,1000xD,WOA,211.05905058946945
rosenbrock_d10_i002,rosenbrock,10,d<=10,1000xD,FA,328.28865848213263
rosenbrock_d10_i002,rosenbrock,10,d<=10,1000xD,BA,65.05162920912721
rosenbrock_d10_i002,rosenbrock,10,d<=10,1000xD,ALO,2884.3268746461154
rosenbrock_d10_i003,rosenbrock,10,d<=10,200xD,PSO_STD,280.0660908564427
rosenbrock_d10_i003,rosenbrock,10,d<=10,200xD,PSO_CONSTR,446.1232840646443
rosenbrock_d10_i003,rosenbrock,10,d<=10,200xD,PSO_RING,51.47335335439011
rosenbrock_d10_i003,rosenbrock,10,d<=10,200xD,DE,192.19519510188903
rosenbrock_d10_i003,rosenbrock,10,d<=10,200xD,GA,172.57535611943126
rosenbrock_d10_i003,rosenbrock,10,d<=10,200xD,ES_ML,11.065783462108332
rosenbrock_d10_i003,rosenbrock,10,d<=10,200xD,GWO,272.08069405244345
rosenbrock_d10_i003,rosenbrock,10,d<=10,200xD,MFO,8527.854490576765
rosenbrock_d10_i003,rosenbrock,10,d<=10,200xD,WOA,303.09571939043974
rosenbrock_d10_i003,rosenbrock,10,d<=10,200xD,FA,1483.850775615655
rosenbrock_d10_i003,rosenbrock,10,d<=10,200xD,BA,158.13750994346987
rosenbrock_d10_i003,rosenbrock,10,d<=10,200xD,ALO,5722.451075567941
rosenbrock_d10_i003,rosenbrock,10,d<=10,1000xD,PSO_STD,393.5146736714109
rosenbrock_d10_i003,rosenbrock,10,d<=10,1000xD,PSO_CONSTR,7.1256862452542515
rosenbrock_d10_i003,rosenbrock,10,d<=10,1000xD,PSO_RING,7.05422101862324
rosenbrock_d10_i003,rosenbrock,10,d<=10,1000xD,DE,6.68513357157166
rosenbrock_d10_i003,rosenbrock,10,d<=10,1000xD,GA,93.03738238238726
rosenbrock_d10_i003,rosenbrock,10,d<=10,1000xD,ES_ML,6.599298700942297
rosenbrock_d10_i003,rosenbrock,10,d<=10,1000xD,GWO,185.76786870672717
rosenbrock_d10_i003,rosenbrock,10,d<=10,1000xD,MFO,7184.611547221329
rosenbrock_d10_i003,rosenbrock,10,d<=10,1000xD,WOA,353.7833187919788
rosenbrock_d10_i003,rosenbrock,10,d<=10,1000xD,FA,424.2622108458309
rosenbrock_d10_i003,rosenbrock,10,d<=10,1000xD,BA,92.37341502554737
rosenbrock_d10_i003,rosenbrock,10,d<=10,1000xD,ALO,3932.9080723628995
rosenbrock_d10_i004,rosenbrock,10,d<=10,200xD,PSO_STD,110.82228750854347
rosenbrock_d10_i004,rosenbrock,10,d<=10,200xD,PSO_CONSTR,268.78658961082175
rosenbrock_d10_i004,rosenbrock,10,d<=10,200xD,PSO_RING,148.3085593337192
rosenbrock_d10_i004,rosenbrock,10,d<=10,200xD,DE,222.3120486165914
rosenbrock_d10_i004,rosenbrock,10,d<=10,200xD,GA,191.34007533721177
rosenbrock_d10_i004,rosenbrock,10,d<=10,200xD,ES_ML,65.92614961230638
rosenbrock_d10_i004,rosenbrock,10,d<=10,200xD,GWO,190.55173120474387
rosenbrock_d10_i004,rosenbrock,10,d<=10,200xD,MFO,13981.31187043299
rosenbrock_d10_i004,rosenbrock,10,d<=10,200xD,WOA,756.8451963645242
rosenbrock_d10_i004,rosenbrock,10,d<=10,200xD,FA,1320.309384257013
rosenbrock_d10_i004,rosenbrock,10,d<=10,200xD,BA,191.39647657054573
rosenbrock_d10_i004,rosenbrock,10,d<=10,200xD,ALO,3298.8509285057694
rosenbrock_d10_i004,rosenbrock,10,d<=10,1000xD,PSO_STD,662.2899288695471
rosenbrock_d10_i004,rosenbrock,10,d<=10,1000xD,PSO_CONSTR,38.38541792370225
rosenbrock_d10_i004,rosenbrock,10,d<=10,1000xD,PSO_RING,37.01958564387079
rosenbrock_d10_i004,rosenbrock,10,d<=10,1000xD,DE,37.04656264359643
rosenbrock_d10_i004,rosenbrock,10,d<=10,1000xD,GA,145.8935507339204
rosenbrock_d10_i004,rosenbrock,10,d<=10,1000xD,ES_ML,53.9769149182929
rosenbrock_d10_i004,rosenbrock,10,d<=10,1000xD,GWO,134.6098755826684
rosenbrock_d10_i004,rosenbrock,10,d<=10,1000xD,MFO,5637.301891471126
rosenbrock_d10_i004,rosenbrock,10,d<=10,1000xD,WOA,177.74504472996648
rosenbrock_d10_i004,rosenbrock,10,d<=10,1000xD,FA,411.26258796335605
rosenbrock_d10_i004,rosenbrock,10,d<=10,1000xD,BA,80.74583441340009
rosenbrock_d10_i004,rosenbrock,10,d<=10,1000xD,ALO,2214.0087049760023
rastrigin_d5_i000,rastrigin,5,d<=5,200xD,PSO_STD,8.884275409508646
rastrigin_d5_i000,rastrigin,5,d<=5,200xD,PSO_CONSTR,7.476477457670448
rastrigin_d5_i000,rastrigin,5,d<=5,200xD,PSO_RING,9.065423469747401
rastrigin_d5_i000,rastrigin,5,d<=5,200xD,DE,15.356396977274535
rastrigin_d5_i000,rastrigin,5,d<=5,200xD,GA,13.024893289422273
rastrigin_d5_i000,rastrigin,5,d<=5,200xD,ES_ML,9.979482526466242
rastrigin_d5_i000,rastrigin,5,d<=5,200xD,GWO,7.739489136823984
rastrigin_d5_i000,rastrigin,5,d<=5,200xD,MFO,36.23030117771758
rastrigin_d5_i000,rastrigin,5,d<=5,200xD,WOA,25.421105077059963
rastrigin_d5_i000,rastrigin,5,d<=5,200xD,FA,15.492208415569209
rastrigin_d5_i000,rastrigin,5,d<=5,200xD,BA,16.54129061207108
rastrigin_d5_i000,rastrigin,5,d<=5,200xD,ALO,33.41294984100017
rastrigin_d5_i000,rastrigin,5,d<=5,1000xD,PSO_STD,7.95966238164258
rastrigin_d5_i000,rastrigin,5,d<=5,1000xD,PSO_CONSTR,3.9798362283731734
rastrigin_d5_i000,rastrigin,5,d<=5,1000xD,PSO_RING,2.984877232531275
rastrigin_d5_i000,rastrigin,5,d<=5,1000xD,DE,8.73726507154501
rastrigin_d5_i000,rastrigin,5,d<=5,1000xD,GA,9.456381520813714
rastrigin_d5_i000,rastrigin,5,d<=5,1000xD,ES_ML,10.944539552388044
rastrigin_d5_i000,rastrigin,5,d<=5,1000xD,GWO,8.82282096832806
rastrigin_d5_i000,rastrigin,5,d<=5,1000xD,MFO,30.56600381982521
rastrigin_d5_i000,rastrigin,5,d<=5,1000xD,WOA,15.784862981166867
rastrigin_d5_i000,rastrigin,5,d<=5,1000xD,FA,15.347782673346558
rastrigin_d5_i000,rastrigin,5,d<=5,1000xD,BA,10.63927085384941
rastrigin_d5_i000,rastrigin,5,d<=5,1000xD,ALO,16.695299240389886
rastrigin_d5_i001,rastrigin,5,d<=5,200xD,PSO_STD,11.87482963924839
rastrigin_d5_i001,rastrigin,5,d<=5,200xD,PSO_CONSTR,3.2218028664252785
rastrigin_d5_i001,rastrigin,5,d<=5,200xD,PSO_RING,15.803290980588194
rastrigin_d5_i001,rastrigin,5,d<=5,200xD,DE,20.356223141288574
rastrigin_d5_i001,rastrigin,5,d<=5,200xD,GA,7.8094674156264645
rastrigin_d5_i001,rastrigin,5,d<=5,200xD,ES_ML,9.971429829333388
rastrigin_d5_i001,rastrigin,5,d<=5,200xD,GWO,17.33454025499465
rastrigin_d5_i001,rastrigin,5,d<=5,200xD,MFO,32.72706583685893
rastrigin_d5_i001,rastrigin,5,d<=5,200xD,WOA,13.418985362408023
rastrigin_d5_i001,rastrigin,5,d<=5,200xD,FA,14.158020018989895
rastrigin_d5_i001,rastrigin,5,d<=5,200xD,BA,13.483104936702375
rastrigin_d5_i001,rastrigin,5,d<=5,200xD,ALO,16.01383154890147
rastrigin_d5_i001,rastrigin,5,d<=5,1000xD,PSO_STD,9.644693840516226
rastrigin_d5_i001,rastrigin,5,d<=5,1000xD,PSO_CONSTR,3.9798362283975592
rastrigin_d5_i001,rastrigin,5,d<=5,1000xD,PSO_RING,3.7855905030964863
rastrigin_d5_i001,rastrigin,5,d<=5,1000xD,DE,7.5347997430464915
rastrigin_d5_i001,rastrigin,5,d<=5,1000xD,GA,6.912794971102258
rastrigin_d5_i001,rastrigin,5,d<=5,1000xD,ES_ML,7.959662381108174
rastrigin_d5_i001,rastrigin,5,d<=5,1000xD,GWO,7.474818864610441
rastrigin_d5_i001,rastrigin,5,d<=5,1000xD,MFO,20.066181614158975
rastrigin_d5_i001,rastrigin,5,d<=5,1000xD,WOA,7.990966544620747
rastrigin_d5_i001,rastrigin,5,d<=5,1000xD,FA,8.915142723514819
rastrigin_d5_i001,rastrigin,5,d<=5,1000xD,BA,9.111358176160564
rastrigin_d5_i001,rastrigin,5,d<=5,1000xD,ALO,10.938962351345289
rastrigin_d5_i002,rastrigin,5,d<=5,200xD,PSO_STD,6.479282482477032
rastrigin_d5_i002,rastrigin,5,d<=5,200xD,PSO_CONSTR,7.762566608723155
rastrigin_d5_i002,rastrigin,5,d<=5,200xD,PSO_RING,15.102937521468334
rastrigin_d5_i002,rastrigin,5,d<=5,200xD,DE,16.262487650864394
rastrigin_d5_i002,rastrigin,5,d<=5,200xD,GA,9.645502066420008
rastrigin_d5_i002,rastrigin,5,d<=5,200xD,ES_ML,7.325238018784084
rastrigin_d5_i002,rastrigin,5,d<=5,200xD,GWO,12.954739959224916
rastrigin_d5_i002,rastrigin,5,d<=5,200xD,MFO,15.72345112553208
rastrigin_d5_i002,rastrigin,5,d<=5,200xD,WOA,11.167443771139105
rastrigin_d5_i002,rastrigin,5,d<=5,200xD,FA,23.106863991739324
rastrigin_d5_i002,rastrigin,5,d<=5,200xD,BA,15.558631923168669
rastrigin_d5_i002,rastrigin,5,d<=5,200xD,ALO,30.28247032616668
rastrigin_d5_i002,rastrigin,5,d<=5,1000xD,PSO_STD,6.964708361847229
rastrigin_d5_i002,rastrigin,5,d<=5,1000xD,PSO_CONSTR,2.9848771712823066
rastrigin_d5_i002,rastrigin,5,d<=5,1000xD,PSO_RING,2.272721754679111
rastrigin_d5_i002,rastrigin,5,d<=5,1000xD,DE,9.563767260380445
rastrigin_d5_i002,rastrigin,5,d<=5,1000xD,GA,9.08627393532501
rastrigin_d5_i002,rastrigin,5,d<=5,1000xD,ES_ML,5.969749304740667
rastrigin_d5_i002,rastrigin,5,d<=5,1000xD,GWO,8.354843308671327
rastrigin_d5_i002,rastrigin,5,d<=5,1000xD,MFO,29.466632723263267
rastrigin_d5_i002,rastrigin,5,d<=5,1000xD,WOA,15.224470132340258
rastrigin_d5_i002,rastrigin,5,d<=5,1000xD,FA,10.733545322027865
rastrigin_d5_i002,rastrigin,5,d<=5,1000xD,BA,10.696930594480413
rastrigin_d5_i002,rastrigin,5,d<=5,1000xD,ALO,20.559855173610124
rastrigin_d5_i003,rastrigin,5,d<=5,200xD,PSO_STD,10.143074842281926
rastrigin_d5_i003,rastrigin,5,d<=5,200xD,PSO_CONSTR,8.886170019264576
rastrigin_d5_i003,rastrigin,5,d<=5,200xD,PSO_RING,17.106526167981997
rastrigin_d5_i003,rastrigin,5,d<=5,200xD,DE,14.136123898447352
rastrigin_d5_i003,rastrigin,5,d<=5,200xD,GA,11.615079853726336
rastrigin_d5_i003,rastrigin,5,d<=5,200xD,ES_ML,12.012484284120767
rastrigin_d5_i003,rastrigin,5,d<=5,200xD,GWO,8.80219849402269
rastrigin_d5_i003,rastrigin,5,d<=5,200xD,MFO,24.24986973216537
rastrigin_d5_i003,rastrigin,5,d<=5,200xD,WOA,12.915528069484616
rastrigin_d5_i003,rastrigin,5,d<=5,200xD,FA,20.376723748722263
rastrigin_d5_i003,rastrigin,5,d<=5,200xD,BA,10.23755788736326
rastrigin_d5_i003,rastrigin,5,d<=5,200xD,ALO,30.473055163163835
rastrigin_d5_i003,rastrigin,5,d<=5,1000xD,PSO_STD,3.011515665905563
rastrigin_d5_i003,rastrigin,5,d<=5,1000xD,PSO_CONSTR,8.014180597182012
rastrigin_d5_i003,rastrigin,5,d<=5,1000xD,PSO_RING,2.9878937603617644
rastrigin_d5_i003,rastrigin,5,d<=5,1000xD,DE,11.762092746114227
rastrigin_d5_i003,rastrigin,5,d<=5,1000xD,GA,8.672688326672898
rastrigin_d5_i003,rastrigin,5,d<=5,1000xD,ES_ML,6.9647083618339565
rastrigin_d5_i003,rastrigin,5,d<=5,1000xD,GWO,2.762548159590281
rastrigin_d5_i003,rastrigin,5,d<=5,1000xD,MFO,23.427743416555117
rastrigin_d5_i003,rastrigin,5,d<=5,1000xD,WOA,12.022431702932664
rastrigin_d5_i003,rastrigin,5,d<=5,1000xD,FA,13.039366638904745
rastrigin_d5_i003,rastrigin,5,d<=5,1000xD,BA,7.787075169549951
rastrigin_d5_i003,rastrigin,5,d<=5,1000xD,ALO,24.25292967359475
rastrigin_d5_i004,rastrigin,5,d<=5,200xD,PSO_STD,6.4170626526527315
rastrigin_d5_i004,rastrigin,5,d<=5,200xD,PSO_CONSTR,9.518467754150493
rastrigin_d5_i004,rastrigin,5,d<=5,200xD,PSO_RING,10.498207809132339
rastrigin_d5_i004,rastrigin,5,d<=5,200xD,DE,12.535246095478506
rastrigin_d5_i004,rastrigin,5,d<=5,200xD,GA,9.243332816512051
rastrigin_d5_i004,rastrigin,5,d<=5,200xD,ES_ML,6.115607248890953
rastrigin_d5_i004,rastrigin,5,d<=5,200xD,GWO,11.546682833657862
rastrigin_d5_i004,rastrigin,5,d<=5,200xD,MFO,31.13249357834124
rastrigin_d5_i004,rastrigin,5,d<=5,200xD,WOA,11.155720410762854
rastrigin_d5_i004,rastrigin,5,d<=5,200xD,FA,8.920186687379413
rastrigin_d5_i004,rastrigin,5,d<=5,200xD,BA,14.69923134690979
rastrigin_d5_i004,rastrigin,5,d<=5,200xD,ALO,15.60069216452058
rastrigin_d5_i004,rastrigin,5,d<=5,1000xD,PSO_STD,11.056320049372118
rastrigin_d5_i004,rastrigin,5,d<=5,1000xD,PSO_CONSTR,9.949580495294867
rastrigin_d5_i004,rastrigin,5,d<=5,1000xD,PSO_RING,1.9911735955812446
rastrigin_d5_i004,rastrigin,5,d<=5,1000xD,DE,7.67503711917692
rastrigin_d5_i004,rastrigin,5,d<=5,1000xD,GA,7.485368745845072
rastrigin_d5_i004,rastrigin,5,d<=5,1000xD,ES_ML,9.94958049529476
rastrigin_d5_i004,rastrigin,5,d<=5,1000xD,GWO,11.829588668870372
rastrigin_d5_i004,rastrigin,5,d<=5,1000xD,MFO,21.616513876899624
rastrigin_d5_i004,rastrigin,5,d<=5,1000xD,WOA,6.771659695207944
rastrigin_d5_i004,rastrigin,5,d<=5,1000xD,FA,9.573240977634306
rastrigin_d5_i004,rastrigin,5,d<=5,1000xD,BA,7.487591270237765
rastrigin_d5_i004,rastrigin,5,d<=5,1000xD,ALO,8.99093479154164
rastrigin_d10_i000,rastrigin,10,d<=10,200xD,PSO_STD,35.188319079754066
rastrigin_d10_i000,rastrigin,10,d<=10,200xD,PSO_CONSTR,23.88609661906385
rastrigin_d10_i000,rastrigin,10,d<=10,200xD,PSO_RING,24.357297208436535
rastrigin_d10_i000,rastrigin,10,d<=10,200xD,DE,53.31980699473195
rastrigin_d10_i000,rastrigin,10,d<=10,200xD,GA,43.02466156968865
rastrigin_d10_i000,rastrigin,10,d<=10,200xD,ES_ML,18.956357841993977
rastrigin_d10_i000,rastrigin,10,d<=10,200xD,GWO,49.25107874488121
rastrigin_d10_i000,rastrigin,10,d<=10,200xD,MFO,98.29138718072178
rastrigin_d10_i000,rastrigin,10,d<=10,200xD,WOA,74.694053551073
rastrigin_d10_i000,rastrigin,10,d<=10,200xD,FA,56.78075667105577
rastrigin_d10_i000,rastrigin,10,d<=10,200xD,BA,62.14440257374739
rastrigin_d10_i000,rastrigin,10,d<=10,200xD,ALO,88.2790441851618
rastrigin_d10_i000,rastrigin,10,d<=10,1000xD,PSO_STD,17.909227717507676
rastrigin_d10_i000,rastrigin,10,d<=10,1000xD,PSO_CONSTR,31.128047958534665
rastrigin_d10_i000,rastrigin,10,d<=10,1000xD,PSO_RING,18.349536648845117
rastrigin_d10_i000,rastrigin,10,d<=10,1000xD,DE,46.94352998262884
rastrigin_d10_i000,rastrigin,10,d<=10,1000xD,GA,38.67003999736426
rastrigin_d10_i000,rastrigin,10,d<=10,1000xD,ES_ML,28.85376223207652
rastrigin_d10_i000,rastrigin,10,d<=10,1000xD,GWO,38.02846700904112
rastrigin_d10_i000,rastrigin,10,d<=10,1000xD,MFO,82.27632874902875
rastrigin_d10_i000,rastrigin,10,d<=10,1000xD,WOA,55.49151532250003
rastrigin_d10_i000,rastrigin,10,d<=10,1000xD,FA,47.26865609114422
rastrigin_d10_i000,rastrigin,10,d<=10,1000xD,BA,49.92902671965016
rastrigin_d10_i000,rastrigin,10,d<=10,1000xD,ALO,74.39758058014286
rastrigin_d10_i001,rastrigin,10,d<=10,200xD,PSO_STD,40.4666074224177
rastrigin_d10_i001,rastrigin,10,d<=10,200xD,PSO_CONSTR,31.672091468446496
rastrigin_d10_i001,rastrigin,10,d<=10,200xD,PSO_RING,39.50454309728849
rastrigin_d10_i001,rastrigin,10,d<=10,200xD,DE,63.537517576031604
rastrigin_d10_i001,rastrigin,10,d<=10,200xD,GA,39.94512216362999
rastrigin_d10_i001,rastrigin,10,d<=10,200xD,ES_ML,18.26622778218355
rastrigin_d10_i001,rastrigin,10,d<=10,200xD,GWO,43.71499988523446
rastrigin_d10_i001,rastrigin,10,d<=10,200xD,MFO,114.47690226650774
rastrigin_d10_i001,rastrigin,10,d<=10,200xD,WOA,57.639086549343716
rastrigin_d10_i001,rastrigin,10,d<=10,200xD,FA,68.74969877876103
rastrigin_d10_i001,rastrigin,10,d<=10,200xD,BA,60.517741957927235
rastrigin_d10_i001,rastrigin,10,d<=10,200xD,ALO,75.28173690275412
rastrigin_d10_i001,rastrigin,10,d<=10,1000xD,PSO_STD,24.187615981027335
rastrigin_d10_i001,rastrigin,10,d<=10,1000xD,PSO_CONSTR,51.57701974399033
rastrigin_d10_i001,rastrigin,10,d<=10,1000xD,PSO_RING,18.78056621561825
rastrigin_d10_i001,rastrigin,10,d<=10,1000xD,DE,45.57856345095891
rastrigin_d10_i001,rastrigin,10,d<=10,1000xD,GA,42.33562927746825
rastrigin_d10_i001,rastrigin,10,d<=10,1000xD,ES_ML,20.894039077928
rastrigin_d10_i001,rastrigin,10,d<=10,1000xD,GWO,36.5835850229154
rastrigin_d10_i001,rastrigin,10,d<=10,1000xD,MFO,86.25542403289666
rastrigin_d10_i001,rastrigin,10,d<=10,1000xD,WOA,51.66749764075456
rastrigin_d10_i001,rastrigin,10,d<=10,1000xD,FA,49.53750063167979
rastrigin_d10_i001,rastrigin,10,d<=10,1000xD,BA,59.93665294533151
rastrigin_d10_i001,rastrigin,10,d<=10,1000xD,ALO,66.18215298504879
rastrigin_d10_i002,rastrigin,10,d<=10,200xD,PSO_STD,32.18690304388316
rastrigin_d10_i002,rastrigin,10,d<=10,200xD,PSO_CONSTR,17.777638076123566
rastrigin_d10_i002,rastrigin,10,d<=10,200xD,PSO_RING,36.14657286282715
rastrigin_d10_i002,rastrigin,10,d<=10,200xD,DE,58.481952336751874
rastrigin_d10_i002,rastrigin,10,d<=10,200xD,GA,48.92323496707801
rastrigin_d10_i002,rastrigin,10,d<=10,200xD,ES_ML,21.83879570089121
rastrigin_d10_i002,rastrigin,10,d<=10,200xD,GWO,55.01410458414071
rastrigin_d10_i002,rastrigin,10,d<=10,200xD,MFO,107.29032962128348
rastrigin_d10_i002,rastrigin,10,d<=10,200xD,WOA,66.70883137779211
rastrigin_d10_i002,rastrigin,10,d<=10,200xD,FA,61.830522429502324
rastrigin_d10_i002,rastrigin,10,d<=10,200xD,BA,40.37345730681663
rastrigin_d10_i002,rastrigin,10,d<=10,200xD,ALO,87.49128210836957
rastrigin_d10_i002,rastrigin,10,d<=10,1000xD,PSO_STD,40.94956940986663
rastrigin_d10_i002,rastrigin,10,d<=10,1000xD,PSO_CONSTR,20.89410488878744
rastrigin_d10_i002,rastrigin,10,d<=10,1000xD,PSO_RING,13.421075081380721
rastrigin_d10_i002,rastrigin,10,d<=10,1000xD,DE,42.570189717018465
rastrigin_d10_i002,rastrigin,10,d<=10,1000xD,GA,35.62017058042731
rastrigin_d10_i002,rastrigin,10,d<=10,1000xD,ES_ML,21.889074066957022
rastrigin_d10_i002,rastrigin,10,d<=10,1000xD,GWO,39.5799643128417
rastrigin_d10_i002,rastrigin,10,d<=10,1000xD,MFO,85.83516352212072
rastrigin_d10_i002,rastrigin,10,d<=10,1000xD,WOA,53.98046347688742
rastrigin_d10_i002,rastrigin,10,d<=10,1000xD,FA,44.6008257733518
rastrigin_d10_i002,rastrigin,10,d<=10,1000xD,BA,38.99547772110786
rastrigin_d10_i002,rastrigin,10,d<=10,1000xD,ALO,61.94838804142435
rastrigin_d10_i003,rastrigin,10,d<=10,200xD,PSO_STD,16.702477827909036
rastrigin_d10_i003,rastrigin,10,d<=10,200xD,PSO_CONSTR,31.954285947337084
rastrigin_d10_i003,rastrigin,10,d<=10,200xD,PSO_RING,38.103559808995904
rastrigin_d10_i003,rastrigin,10,d<=10,200xD,DE,57.78410851120433
rastrigin_d10_i003,rastrigin,10,d<=10,200xD,GA,44.78680512382405
rastrigin_d10_i003,rastrigin,10,d<=10,200xD,ES_ML,31.956344792295766
rastrigin_d10_i003,rastrigin,10,d<=10,200xD,GWO,55.792230519793264
rastrigin_d10_i003,rastrigin,10,d<=10,200xD,MFO,114.52134648626739
rastrigin_d10_i003,rastrigin,10,d<=10,200xD,WOA,57.803125431979296
rastrigin_d10_i003,rastrigin,10,d<=10,200xD,FA,64.45151533275777
rastrigin_d10_i003,rastrigin,10,d<=10,200xD,BA,44.01858329547895
rastrigin_d10_i003,rastrigin,10,d<=10,200xD,ALO,69.72210594968242
rastrigin_d10_i003,rastrigin,10,d<=10,1000xD,PSO_STD,28.98595525574433
rastrigin_d10_i003,rastrigin,10,d<=10,1000xD,PSO_CONSTR,33.82854744190482
rastrigin_d10_i003,rastrigin,10,d<=10,1000xD,PSO_RING,21.386225041194393
rastrigin_d10_i003,rastrigin,10,d<=10,1000xD,DE,41.79836855618062
rastrigin_d10_i003,rastrigin,10,d<=10,1000xD,GA,31.87172018536549
rastrigin_d10_i003,rastrigin,10,d<=10,1000xD,ES_ML,36.40750511197377
rastrigin_d10_i003,rastrigin,10,d<=10,1000xD,GWO,40.6530270443313
rastrigin_d10_i003,rastrigin,10,d<=10,1000xD,MFO,79.23366907523173
rastrigin_d10_i003,rastrigin,10,d<=10,1000xD,WOA,43.824288297044035
rastrigin_d10_i003,rastrigin,10,d<=10,1000xD,FA,45.350696622168584
rastrigin_d10_i003,rastrigin,10,d<=10,1000xD,BA,40.64046969991017
rastrigin_d10_i003,rastrigin,10,d<=10,1000xD,ALO,65.57706612614064
rastrigin_d10_i004,rastrigin,10,d<=10,200xD,PSO_STD,16.139160110976718
rastrigin_d10_i004,rastrigin,10,d<=10,200xD,PSO_CONSTR,25.673421005993646
rastrigin_d10_i004,rastrigin,10,d<=10,200xD,PSO_RING,30.470059785204015
rastrigin_d10_i004,rastrigin,10,d<=10,200xD,DE,68.8886294825982
rastrigin_d10_i004,rastrigin,10,d<=10,200xD,GA,44.904049399361675
rastrigin_d10_i004,rastrigin,10,d<=10,200xD,ES_ML,33.96330671764271
rastrigin_d10_i004,rastrigin,10,d<=10,200xD,GWO,45.41006584257972
rastrigin_d10_i004,rastrigin,10,d<=10,200xD,MFO,104.17503050239901
rastrigin_d10_i004,rastrigin,10,d<=10,200xD,WOA,59.510102066355586
rastrigin_d10_i004,rastrigin,10,d<=10,200xD,FA,65.6912153287021
rastrigin_d10_i004,rastrigin,10,d<=10,200xD,BA,58.98508084811744
rastrigin_d10_i004,rastrigin,10,d<=10,200xD,ALO,82.80724030790985
rastrigin_d10_i004,rastrigin,10,d<=10,1000xD,PSO_STD,20.47064819163262
rastrigin_d10_i004,rastrigin,10,d<=10,1000xD,PSO_CONSTR,18.904181736781766
rastrigin_d10_i004,rastrigin,10,d<=10,1000xD,PSO_RING,18.832436626944926
rastrigin_d10_i004,rastrigin,10,d<=10,1000xD,DE,45.21972666329502
rastrigin_d10_i004,rastrigin,10,d<=10,1000xD,GA,35.923502186355876
rastrigin_d10_i004,rastrigin,10,d<=10,1000xD,ES_ML,13.929416723667913
rastrigin_d10_i004,rastrigin,10,d<=10,1000xD,GWO,37.807738443679874
rastrigin_d10_i004,rastrigin,10,d<=10,1000xD,MFO,100.34596335589566
rastrigin_d10_i004,rastrigin,10,d<=10,1000xD,WOA,53.35037636291913
rastrigin_d10_i004,rastrigin,10,d<=10,1000xD,FA,48.281037007744956
rastrigin_d10_i004,rastrigin,10,d<=10,1000xD,BA,40.09202966654006
rastrigin_d10_i004,rastrigin,10,d<=10,1000xD,ALO,73.89758571680167
ackley_d5_i000,ackley,5,d<=5,200xD,PSO_STD,0.06854267212711962
ackley_d5_i000,ackley,5,d<=5,200xD,PSO_CONSTR,2.3658651517747953
ackley_d5_i000,ackley,5,d<=5,200xD,PSO_RING,1.9426046851934768
ackley_d5_i000,ackley,5,d<=5,200xD,DE,1.6072965391537477
ackley_d5_i000,ackley,5,d<=5,200xD,GA,1.9631684140123977
ackley_d5_i000,ackley,5,d<=5,200xD,ES_ML,0.3795003802025829
ackley_d5_i000,ackley,5,d<=5,200xD,GWO,2.1247306137081705
ackley_d5_i000,ackley,5,d<=5,200xD,MFO,4.009450723384685
ackley_d5_i000,ackley,5,d<=5,200xD,WOA,2.0936711994299597
ackley_d5_i000,ackley,5,d<=5,200xD,FA,3.275969515669104
ackley_d5_i000,ackley,5,d<=5,200xD,BA,1.6377703409006092
ackley_d5_i000,ackley,5,d<=5,200xD,ALO,3.935691338783862
ackley_d5_i000,ackley,5,d<=5,1000xD,PSO_STD,2.7454660488916898
ackley_d5_i000,ackley,5,d<=5,1000xD,PSO_CONSTR,1.2670114291069012e-08
ackley_d5_i000,ackley,5,d<=5,1000xD,PSO_RING,1.6290143147745795e-05
ackley_d5_i000,ackley,5,d<=5,1000xD,DE,0.00018030571901705983
ackley_d5_i000,ackley,5,d<=5,1000xD,GA,0.7233366075989456
ackley_d5_i000,ackley,5,d<=5,1000xD,ES_ML,6.977686428655261e-09
ackley_d5_i000,ackley,5,d<=5,1000xD,GWO,1.427344321191868
ackley_d5_i000,ackley,5,d<=5,1000xD,MFO,3.920250840574781
ackley_d5_i000,ackley,5,d<=5,1000xD,WOA,1.2853282385123745
ackley_d5_i000,ackley,5,d<=5,1000xD,FA,1.9063400997222613
ackley_d5_i000,ackley,5,d<=5,1000xD,BA,1.322996118964316
ackley_d5_i000,ackley,5,d<=5,1000xD,ALO,3.7636605825190164
ackley_d5_i001,ackley,5,d<=5,200xD,PSO_STD,1.6763011062493693
ackley_d5_i001,ackley,5,d<=5,200xD,PSO_CONSTR,1.0606003226498726
ackley_d5_i001,ackley,5,d<=5,200xD,PSO_RING,0.9101531368894524
ackley_d5_i001,ackley,5,d<=5,200xD,DE,1.0593750106197892
ackley_d5_i001,ackley,5,d<=5,200xD,GA,1.7888714695207608
ackley_d5_i001,ackley,5,d<=5,200xD,ES_ML,0.05344702431574122
ackley_d5_i001,ackley,5,d<=5,200xD,GWO,1.938184110512744
ackley_d5_i001,ackley,5,d<=5,200xD,MFO,6.254060548811072
ackley_d5_i001,ackley,5,d<=5,200xD,WOA,1.6054906623752356
ackley_d5_i001,ackley,5,d<=5,200xD,FA,2.542451269773132
ackley_d5_i001,ackley,5,d<=5,200xD,BA,1.5990363752563437
ackley_d5_i001,ackley,5,d<=5,200xD,ALO,3.0669290345533224
ackley_d5_i001,ackley,5,d<=5,1000xD,PSO_STD,1.673720923575417
ackley_d5_i001,ackley,5,d<=5,1000xD,PSO_CONSTR,1.673720923575417
ackley_d5_i001,ackley,5,d<=5,1000xD,PSO_RING,0.00010007738128736676
ackley_d5_i001,ackley,5,d<=5,1000xD,DE,0.00015323404190725753
ackley_d5_i001,ackley,5,d<=5,1000xD,GA,1.0573545355096923
ackley_d5_i001,ackley,5,d<=5,1000xD,ES_ML,2.1950055106856325e-09
ackley_d5_i001,ackley,5,d<=5,1000xD,GWO,1.5480572877271084
ackley_d5_i001,ackley,5,d<=5,1000xD,MFO,2.8708568261000136
ackley_d5_i001,ackley,5,d<=5,1000xD,WOA,1.4022123000187254
ackley_d5_i001,ackley,5,d<=5,1000xD,FA,1.8801927309749051
ackley_d5_i001,ackley,5,d<=5,1000xD,BA,1.1800850292611895
ackley_d5_i001,ackley,5,d<=5,1000xD,ALO,2.8290650841130724
ackley_d5_i002,ackley,5,d<=5,200xD,PSO_STD,1.6499794348624914
ackley_d5_i002,ackley,5,d<=5,200xD,PSO_CONSTR,0.049405890586275536
ackley_d5_i002,ackley,5,d<=5,200xD,PSO_RING,1.2387065412625273
ackley_d5_i002,ackley,5,d<=5,200xD,DE,1.1071569178177971
ackley_d5_i002,ackley,5,d<=5,200xD,GA,2.02194979621973
ackley_d5_i002,ackley,5,d<=5,200xD,ES_ML,0.31406374100435075
ackley_d5_i002,ackley,5,d<=5,200xD,GWO,2.3775831586083815
ackley_d5_i002,ackley,5,d<=5,200xD,MFO,6.00281753812143
ackley_d5_i002,ackley,5,d<=5,200xD,WOA,2.471425740750622
ackley_d5_i002,ackley,5,d<=5,200xD,FA,3.131764375428418
ackley_d5_i002,ackley,5,d<=5,200xD,BA,2.181661752302937
ackley_d5_i002,ackley,5,d<=5,200xD,ALO,3.356331721735938
ackley_d5_i002,ackley,5,d<=5,1000xD,PSO_STD,1.8130753332007754
ackley_d5_i002,ackley,5,d<=5,1000xD,PSO_CONSTR,1.7568596659167395
ackley_d5_i002,ackley,5,d<=5,1000xD,PSO_RING,2.3257462647752192e-05
ackley_d5_i002,ackley,5,d<=5,1000xD,DE,0.0003676420684226578
ackley_d5_i002,ackley,5,d<=5,1000xD,GA,0.9442932463165943
ackley_d5_i002,ackley,5,d<=5,1000xD,ES_ML,9.311943660605948e-09
ackley_d5_i002,ackley,5,d<=5,1000xD,GWO,2.0212416061214644
ackley_d5_i002,ackley,5,d<=5,1000xD,MFO,3.691210370696798
ackley_d5_i002,ackley,5,d<=5,1000xD,WOA,1.864473677002572
ackley_d5_i002,ackley,5,d<=5,1000xD,FA,2.5570207779111844
ackley_d5_i002,ackley,5,d<=5,1000xD,BA,1.6044169230299663
ackley_d5_i002,ackley,5,d<=5,1000xD,ALO,2.9911868802387294
ackley_d5_i003,ackley,5,d<=5,200xD,PSO_STD,0.10168548930578014
ackley_d5_i003,ackley,5,d<=5,200xD,PSO_CONSTR,0.053346511408829844
ackley_d5_i003,ackley,5,d<=5,200xD,PSO_RING,1.6077170294987053
ackley_d5_i003,ackley,5,d<=5,200xD,DE,1.6508491749300664
ackley_d5_i003,ackley,5,d<=5,200xD,GA,2.3731251132518953
ackley_d5_i003,ackley,5,d<=5,200xD,ES_ML,0.17278428231459886
ackley_d5_i003,ackley,5,d<=5,200xD,GWO,1.5450748935904461
ackley_d5_i003,ackley,5,d<=5,200xD,MFO,4.820429172463555
ackley_d5_i003,ackley,5,d<=5,200xD,WOA,2.5630238452681096
ackley_d5_i003,ackley,5,d<=5,200xD,FA,3.3861535542009453
ackley_d5_i003,ackley,5,d<=5,200xD,BA,1.9174590281848016
ackley_d5_i003,ackley,5,d<=5,200xD,ALO,5.292955097967376
ackley_d5_i003,ackley,5,d<=5,1000xD,PSO_STD,1.612183990751248e-07
ackley_d5_i003,ackley,5,d<=5,1000xD,PSO_CONSTR,6.837975963236431e-09
ackley_d5_i003,ackley,5,d<=5,1000xD,PSO_RING,2.4584181240516756e-05
ackley_d5_i003,ackley,5,d<=5,1000xD,DE,0.00012943830407907697
ackley_d5_i003,ackley,5,d<=5,1000xD,GA,1.5464166658367664
ackley_d5_i003,ackley,5,d<=5,1000xD,ES_ML,3.72861963526816e-09
ackley_d5_i003,ackley,5,d<=5,1000xD,GWO,1.1662109377229837
ackley_d5_i003,ackley,5,d<=5,1000xD,MFO,4.983760255323986
ackley_d5_i003,ackley,5,d<=5,1000xD,WOA,1.9553898444049236
ackley_d5_i003,ackley,5,d<=5,1000xD,FA,2.6684374040919825
ackley_d5_i003,ackley,5,d<=5,1000xD,BA,1.8987320524020501
ackley_d5_i003,ackley,5,d<=5,1000xD,ALO,4.290543816563421
ackley_d5_i004,ackley,5,d<=5,200xD,PSO_STD,0.05121534555189955
ackley_d5_i004,ackley,5,d<=5,200xD,PSO_CONSTR,1.7204924739060812
ackley_d5_i004,ackley,5,d<=5,200xD,PSO_RING,0.5123902993738843
ackley_d5_i004,ackley,5,d<=5,200xD,DE,1.276439060922574
ackley_d5_i004,ackley,5,d<=5,200xD,GA,1.7949962625969786
ackley_d5_i004,ackley,5,d<=5,200xD,ES_ML,0.3509257985089964
ackley_d5_i004,ackley,5,d<=5,200xD,GWO,2.1047125761990846
ackley_d5_i004,ackley,5,d<=5,200xD,MFO,4.579721347289759
ackley_d5_i004,ackley,5,d<=5,200xD,WOA,1.7200148839751503
ackley_d5_i004,ackley,5,d<=5,200xD,FA,2.769016017950666
ackley_d5_i004,ackley,5,d<=5,200xD,BA,1.4944252149953567
ackley_d5_i004,ackley,5,d<=5,200xD,ALO,3.795950159499292
ackley_d5_i004,ackley,5,d<=5,1000xD,PSO_STD,1.6737453067960928e-07
ackley_d5_i004,ackley,5,d<=5,1000xD,PSO_CONSTR,1.7200063573782853
ackley_d5_i004,ackley,5,d<=5,1000xD,PSO_RING,6.544591950019552e-05
ackley_d5_i004,ackley,5,d<=5,1000xD,DE,0.00022131493627286503
ackley_d5_i004,ackley,5,d<=5,1000xD,GA,1.4037196846901066
ackley_d5_i004,ackley,5,d<=5,1000xD,ES_ML,2.506660212731049e-09
ackley_d5_i004,ackley,5,d<=5,1000xD,GWO,0.921466306490299
ackley_d5_i004,ackley,5,d<=5,1000xD,MFO,3.5946627616444045
ackley_d5_i004,ackley,5,d<=5,1000xD,WOA,0.8503545167351381
ackley_d5_i004,ackley,5,d<=5,1000xD,FA,2.45930535691236
ackley_d5_i004,ackley,5,d<=5,1000xD,BA,1.3703953829884985
ackley_d5_i004,ackley,5,d<=5,1000xD,ALO,3.8245295122993324
ackley_d10_i000,ackley,10,d<=10,200xD,PSO_STD,2.2482206517164625
ackley_d10_i000,ackley,10,d<=10,200xD,PSO_CONSTR,1.8090053208092383
ackley_d10_i000,ackley,10,d<=10,200xD,PSO_RING,1.6399827951763446
ackley_d10_i000,ackley,10,d<=10,200xD,DE,3.0125824318123766
ackley_d10_i000,ackley,10,d<=10,200xD,GA,2.7146072709915754
ackley_d10_i000,ackley,10,d<=10,200xD,ES_ML,1.160252643548731
ackley_d10_i000,ackley,10,d<=10,200xD,GWO,2.9171201740191504
ackley_d10_i000,ackley,10,d<=10,200xD,MFO,6.824870493767262
ackley_d10_i000,ackley,10,d<=10,200xD,WOA,3.257673916129147
ackley_d10_i000,ackley,10,d<=10,200xD,FA,4.259359107160012
ackley_d10_i000,ackley,10,d<=10,200xD,BA,2.8912709959651584
ackley_d10_i000,ackley,10,d<=10,200xD,ALO,5.5509124414079665
ackley_d10_i000,ackley,10,d<=10,1000xD,PSO_STD,1.8089576216038918
ackley_d10_i000,ackley,10,d<=10,1000xD,PSO_CONSTR,0.9420224742632368
ackley_d10_i000,ackley,10,d<=10,1000xD,PSO_RING,0.01849552169985147
ackley_d10_i000,ackley,10,d<=10,1000xD,DE,0.008387752107613
ackley_d10_i000,ackley,10,d<=10,1000xD,GA,2.3634106546099294
ackley_d10_i000,ackley,10,d<=10,1000xD,ES_ML,1.861252929558077e-09
ackley_d10_i000,ackley,10,d<=10,1000xD,GWO,2.567272281909404
ackley_d10_i000,ackley,10,d<=10,1000xD,MFO,6.208332344306463
ackley_d10_i000,ackley,10,d<=10,1000xD,WOA,3.079651097536115
ackley_d10_i000,ackley,10,d<=10,1000xD,FA,3.5966384207443842
ackley_d10_i000,ackley,10,d<=10,1000xD,BA,2.302146931403826
ackley_d10_i000,ackley,10,d<=10,1000xD,ALO,5.646411882408287
ackley_d10_i001,ackley,10,d<=10,200xD,PSO_STD,3.528167841873874
ackley_d10_i001,ackley,10,d<=10,200xD,PSO_CONSTR,3.0493231796712448
ackley_d10_i001,ackley,10,d<=10,200xD,PSO_RING,1.7326644781002014
ackley_d10_i001,ackley,10,d<=10,200xD,DE,2.809629872641161
ackley_d10_i001,ackley,10,d<=10,200xD,GA,3.016460449491231
ackley_d10_i001,ackley,10,d<=10,200xD,ES_ML,0.0985147801245998
ackley_d10_i001,ackley,10,d<=10,200xD,GWO,3.2217314612217725
ackley_d10_i001,ackley,10,d<=10,200xD,MFO,6.572950906283808
ackley_d10_i001,ackley,10,d<=10,200xD,WOA,3.4305777373296107
ackley_d10_i001,ackley,10,d<=10,200xD,FA,3.9836515722037125
ackley_d10_i001,ackley,10,d<=10,200xD,BA,2.5516217362673186
ackley_d10_i001,ackley,10,d<=10,200xD,ALO,5.315284138385518
ackley_d10_i001,ackley,10,d<=10,1000xD,PSO_STD,3.0452408757959017
ackley_d10_i001,ackley,10,d<=10,1000xD,PSO_CONSTR,2.372067437245214
ackley_d10_i001,ackley,10,d<=10,1000xD,PSO_RING,0.018200037061568697
ackley_d10_i001,ackley,10,d<=10,1000xD,DE,0.006801275828064224
ackley_d10_i001,ackley,10,d<=10,1000xD,GA,2.2935898142261597
ackley_d10_i001,ackley,10,d<=10,1000xD,ES_ML,3.918558366677871e-09
ackley_d10_i001,ackley,10,d<=10,1000xD,GWO,2.7737255854661282
ackley_d10_i001,ackley,10,d<=10,1000xD,MFO,5.617505241609887
ackley_d10_i001,ackley,10,d<=10,1000xD,WOA,2.5917804735065606
ackley_d10_i001,ackley,10,d<=10,1000xD,FA,3.270762092551202
ackley_d10_i001,ackley,10,d<=10,1000xD,BA,2.4208690263251644
ackley_d10_i001,ackley,10,d<=10,1000xD,ALO,4.903238181929673
ackley_d10_i002,ackley,10,d<=10,200xD,PSO_STD,0.10922000305935287
ackley_d10_i002,ackley,10,d<=10,200xD,PSO_CONSTR,1.1553032469738693
ackley_d10_i002,ackley,10,d<=10,200xD,PSO_RING,2.1365997938933607
ackley_d10_i002,ackley,10,d<=10,200xD,DE,3.4234831196666495
ackley_d10_i002,ackley,10,d<=10,200xD,GA,2.9649911135280473
ackley_d10_i002,ackley,10,d<=10,200xD,ES_ML,0.6438456196521298
ackley_d10_i002,ackley,10,d<=10,200xD,GWO,2.6097779756857205
ackley_d10_i002,ackley,10,d<=10,200xD,MFO,6.994853178372203
ackley_d10_i002,ackley,10,d<=10,200xD,WOA,4.072631641137537
ackley_d10_i002,ackley,10,d<=10,200xD,FA,4.747612933136697
ackley_d10_i002,ackley,10,d<=10,200xD,BA,3.1275947936164497
ackley_d10_i002,ackley,10,d<=10,200xD,ALO,7.231171071162189
ackley_d10_i002,ackley,10,d<=10,1000xD,PSO_STD,1.155148502709825
ackley_d10_i002,ackley,10,d<=10,1000xD,PSO_CONSTR,2.4558133304708463e-13
ackley_d10_i002,ackley,10,d<=10,1000xD,PSO_RING,1.2261128727875104e-05
ackley_d10_i002,ackley,10,d<=10,1000xD,DE,0.018140987399057895
ackley_d10_i002,ackley,10,d<=10,1000xD,GA,2.804457706379005
ackley_d10_i002,ackley,10,d<=10,1000xD,ES_ML,1.646223633103109
ackley_d10_i002,ackley,10,d<=10,1000xD,GWO,2.278861024653765
ackley_d10_i002,ackley,10,d<=10,1000xD,MFO,7.199447387323961
ackley_d10_i002,ackley,10,d<=10,1000xD,WOA,3.9810490548467183
ackley_d10_i002,ackley,10,d<=10,1000xD,FA,3.711424773876271
ackley_d10_i002,ackley,10,d<=10,1000xD,BA,2.4845549153938795
ackley_d10_i002,ackley,10,d<=10,1000xD,ALO,5.4648283285374575
ackley_d10_i003,ackley,10,d<=10,200xD,PSO_STD,1.6646034638656215
ackley_d10_i003,ackley,10,d<=10,200xD,PSO_CONSTR,2.014255507792886
ackley_d10_i003,ackley,10,d<=10,200xD,PSO_RING,1.6275919498259275
ackley_d10_i003,ackley,10,d<=10,200xD,DE,3.357625731580257
ackley_d10_i003,ackley,10,d<=10,200xD,GA,2.827606102054905
ackley_d10_i003,ackley,10,d<=10,200xD,ES_ML,1.166642369095808
ackley_d10_i003,ackley,10,d<=10,200xD,GWO,2.8381946778922615
ackley_d10_i003,ackley,10,d<=10,200xD,MFO,7.430253388210447
ackley_d10_i003,ackley,10,d<=10,200xD,WOA,4.316407092134622
ackley_d10_i003,ackley,10,d<=10,200xD,FA,4.4177069994066365
ackley_d10_i003,ackley,10,d<=10,200xD,BA,2.9117167289300387
ackley_d10_i003,ackley,10,d<=10,200xD,ALO,6.221048948747402
ackley_d10_i003,ackley,10,d<=10,1000xD,PSO_STD,5.279585657547159e-10
ackley_d10_i003,ackley,10,d<=10,1000xD,PSO_CONSTR,1.155148502709825
ackley_d10_i003,ackley,10,d<=10,1000xD,PSO_RING,3.334875433624873e-05
ackley_d10_i003,ackley,10,d<=10,1000xD,DE,0.019146266411138146
ackley_d10_i003,ackley,10,d<=10,1000xD,GA,2.6067442974684885
ackley_d10_i003,ackley,10,d<=10,1000xD,ES_ML,7.363891718625837e-10
ackley_d10_i003,ackley,10,d<=10,1000xD,GWO,2.326781446068346
ackley_d10_i003,ackley,10,d<=10,1000xD,MFO,7.545817197464704
ackley_d10_i003,ackley,10,d<=10,1000xD,WOA,3.8715034196071554
ackley_d10_i003,ackley,10,d<=10,1000xD,FA,3.7910875599442204
ackley_d10_i003,ackley,10,d<=10,1000xD,BA,2.7955669734859367
ackley_d10_i003,ackley,10,d<=10,1000xD,ALO,6.630957025071076
ackley_d10_i004,ackley,10,d<=10,200xD,PSO_STD,1.4647940055624997
ackley_d10_i004,ackley,10,d<=10,200xD,PSO_CONSTR,1.9400303032740536
ackley_d10_i004,ackley,10,d<=10,200xD,PSO_RING,1.6927233132922166
ackley_d10_i004,ackley,10,d<=10,200xD,DE,3.1505813601822763
ackley_d10_i004,ackley,10,d<=10,200xD,GA,2.805081769372191
ackley_d10_i004,ackley,10,d<=10,200xD,ES_ML,0.18854320239530198
ackley_d10_i004,ackley,10,d<=10,200xD,GWO,2.20093547945859
ackley_d10_i004,ackley,10,d<=10,200xD,MFO,8.243783250651559
ackley_d10_i004,ackley,10,d<=10,200xD,WOA,4.283155387784465
ackley_d10_i004,ackley,10,d<=10,200xD,FA,4.535406017505625
ackley_d10_i004,ackley,10,d<=10,200xD,BA,2.898847833617801
ackley_d10_i004,ackley,10,d<=10,200xD,ALO,7.036898816079059
ackley_d10_i004,ackley,10,d<=10,1000xD,PSO_STD,1.6504263543073887
ackley_d10_i004,ackley,10,d<=10,1000xD,PSO_CONSTR,1.458897303567117
ackley_d10_i004,ackley,10,d<=10,1000xD,PSO_RING,1.112738463548979e-05
ackley_d10_i004,ackley,10,d<=10,1000xD,DE,0.015243757400032809
ackley_d10_i004,ackley,10,d<=10,1000xD,GA,2.5850587278096993
ackley_d10_i004,ackley,10,d<=10,1000xD,ES_ML,1.155148502709825
ackley_d10_i004,ackley,10,d<=10,1000xD,GWO,2.0152514080601915
ackley_d10_i004,ackley,10,d<=10,1000xD,MFO,7.199057699719681
ackley_d10_i004,ackley,10,d<=10,1000xD,WOA,3.689211091441376
ackley_d10_i004,ackley,10,d<=10,1000xD,FA,3.6033823302289503
ackley_d10_i004,ackley,10,d<=10,1000xD,BA,2.514161372349705
ackley_d10_i004,ackley,10,d<=10,1000xD,ALO,5.902774303521618
griewank_d5_i000,griewank,5,d<=5,200xD,PSO_STD,0.012912982642567461
griewank_d5_i000,griewank,5,d<=5,200xD,PSO_CONSTR,0.02471276033075631
griewank_d5_i000,griewank,5,d<=5,200xD,PSO_RING,0.030093642390639497
griewank_d5_i000,griewank,5,d<=5,200xD,DE,0.21510333561607642
griewank_d5_i000,griewank,5,d<=5,200xD,GA,0.06776906210808309
griewank_d5_i000,griewank,5,d<=5,200xD,ES_ML,0.0247189864690186
griewank_d5_i000,griewank,5,d<=5,200xD,GWO,0.09152279483734738
griewank_d5_i000,griewank,5,d<=5,200xD,MFO,0.2268124738017696
griewank_d5_i000,griewank,5,d<=5,200xD,WOA,0.20189562512006476
griewank_d5_i000,griewank,5,d<=5,200xD,FA,0.20661098344526352
griewank_d5_i000,griewank,5,d<=5,200xD,BA,0.08857302854981275
griewank_d5_i000,griewank,5,d<=5,200xD,ALO,0.16469603131870147
griewank_d5_i000,griewank,5,d<=5,1000xD,PSO_STD,0.014779776754863527
griewank_d5_i000,griewank,5,d<=5,1000xD,PSO_CONSTR,0.027093396087305877
griewank_d5_i000,griewank,5,d<=5,1000xD,PSO_RING,0.012320989678339611
griewank_d5_i000,griewank,5,d<=5,1000xD,DE,0.037895104003787594
griewank_d5_i000,griewank,5,d<=5,1000xD,GA,0.0328151873767808
griewank_d5_i000,griewank,5,d<=5,1000xD,ES_ML,0.13431840645880566
griewank_d5_i000,griewank,5,d<=5,1000xD,GWO,0.0501717701605231
griewank_d5_i000,griewank,5,d<=5,1000xD,MFO,0.20384270549271755
griewank_d5_i000,griewank,5,d<=5,1000xD,WOA,0.03949244425610321
griewank_d5_i000,griewank,5,d<=5,1000xD,FA,0.11335081133726
griewank_d5_i000,griewank,5,d<=5,1000xD,BA,0.038994535014965304
griewank_d5_i000,griewank,5,d<=5,1000xD,ALO,0.20074238395559896
griewank_d5_i001,griewank,5,d<=5,200xD,PSO_STD,0.044942152798195134
griewank_d5_i001,griewank,5,d<=5,200xD,PSO_CONSTR,0.0394836448771283
griewank_d5_i001,griewank,5,d<=5,200xD,PSO_RING,0.030805735341581708
griewank_d5_i001,griewank,5,d<=5,200xD,DE,0.11280315904906857
griewank_d5_i001,griewank,5,d<=5,200xD,GA,0.03037521669311216
griewank_d5_i001,griewank,5,d<=5,200xD,ES_ML,0.12232627453429246
griewank_d5_i001,griewank,5,d<=5,200xD,GWO,0.04461304942803579
griewank_d5_i001,griewank,5,d<=5,200xD,MFO,0.2009745355288941
griewank_d5_i001,griewank,5,d<=5,200xD,WOA,0.08532871138393117
griewank_d5_i001,griewank,5,d<=5,200xD,FA,0.20673010830892724
griewank_d5_i001,griewank,5,d<=5,200xD,BA,0.06818932808785005
griewank_d5_i001,griewank,5,d<=5,200xD,ALO,0.17256264552565936
griewank_d5_i001,griewank,5,d<=5,1000xD,PSO_STD,0.04434180347230254
griewank_d5_i001,griewank,5,d<=5,1000xD,PSO_CONSTR,0.03447713173837841
griewank_d5_i001,griewank,5,d<=5,1000xD,PSO_RING,0.02754247934568188
griewank_d5_i001,griewank,5,d<=5,1000xD,DE,0.017236664741939856
griewank_d5_i001,griewank,5,d<=5,1000xD,GA,0.04645637912756895
griewank_d5_i001,griewank,5,d<=5,1000xD,ES_ML,0.027093396087305877
griewank_d5_i001,griewank,5,d<=5,1000xD,GWO,0.06789674803143686
griewank_d5_i001,griewank,5,d<=5,1000xD,MFO,0.0880284606171775
griewank_d5_i001,griewank,5,d<=5,1000xD,WOA,0.012649229902538583
griewank_d5_i001,griewank,5,d<=5,1000xD,FA,0.0816937497529705
griewank_d5_i001,griewank,5,d<=5,1000xD,BA,0.04670928084000059
griewank_d5_i001,griewank,5,d<=5,1000xD,ALO,0.13804158219453844
griewank_d5_i002,griewank,5,d<=5,200xD,PSO_STD,0.02709912387307367
griewank_d5_i002,griewank,5,d<=5,200xD,PSO_CONSTR,0.02958769367551395
griewank_d5_i002,griewank,5,d<=5,200xD,PSO_RING,0.026250565378194146
griewank_d5_i002,griewank,5,d<=5,200xD,DE,0.16257664572492347
griewank_d5_i002,griewank,5,d<=5,200xD,GA,0.08313337832849699
griewank_d5_i002,griewank,5,d<=5,200xD,ES_ML,0.019962751849670335
griewank_d5_i002,griewank,5,d<=5,200xD,GWO,0.047616250109168146
griewank_d5_i002,griewank,5,d<=5,200xD,MFO,0.19031588078684147
griewank_d5_i002,griewank,5,d<=5,200xD,WOA,0.20750739941809693
griewank_d5_i002,griewank,5,d<=5,200xD,FA,0.1701325419054519
griewank_d5_i002,griewank,5,d<=5,200xD,BA,0.05807438801282194
griewank_d5_i002,griewank,5,d<=5,200xD,ALO,0.21308313955146974
griewank_d5_i002,griewank,5,d<=5,1000xD,PSO_STD,0.1148861035391342
griewank_d5_i002,griewank,5,d<=5,1000xD,PSO_CONSTR,0.01231607251926159
griewank_d5_i002,griewank,5,d<=5,1000xD,PSO_RING,1.6269601377238985e-07
griewank_d5_i002,griewank,5,d<=5,1000xD,DE,0.038266673737281875
griewank_d5_i002,griewank,5,d<=5,1000xD,GA,0.05512244385405085
griewank_d5_i002,griewank,5,d<=5,1000xD,ES_ML,0.02679492317619714
griewank_d5_i002,griewank,5,d<=5,1000xD,GWO,0.04304183518345628
griewank_d5_i002,griewank,5,d<=5,1000xD,MFO,0.17337786537214472
griewank_d5_i002,griewank,5,d<=5,1000xD,WOA,0.1051852576366632
griewank_d5_i002,griewank,5,d<=5,1000xD,FA,0.0993968526484823
griewank_d5_i002,griewank,5,d<=5,1000xD,BA,0.0537745177259662
griewank_d5_i002,griewank,5,d<=5,1000xD,ALO,0.13418129721183703
griewank_d5_i003,griewank,5,d<=5,200xD,PSO_STD,0.039839876916560324
griewank_d5_i003,griewank,5,d<=5,200xD,PSO_CONSTR,0.050713330237573406
griewank_d5_i003,griewank,5,d<=5,200xD,PSO_RING,0.05094677745656928
griewank_d5_i003,griewank,5,d<=5,200xD,DE,0.10443592089428189
griewank_d5_i003,griewank,5,d<=5,200xD,GA,0.0937027673992461
griewank_d5_i003,griewank,5,d<=5,200xD,ES_ML,0.012779657781249232
griewank_d5_i003,griewank,5,d<=5,200xD,GWO,0.04398668416577667
griewank_d5_i003,griewank,5,d<=5,200xD,MFO,0.12568878730176325
griewank_d5_i003,griewank,5,d<=5,200xD,WOA,0.06701731126147026
griewank_d5_i003,griewank,5,d<=5,200xD,FA,0.12651131619820732
griewank_d5_i003,griewank,5,d<=5,200xD,BA,0.0757999135316837
griewank_d5_i003,griewank,5,d<=5,200xD,ALO,0.20695219975269208
griewank_d5_i003,griewank,5,d<=5,1000xD,PSO_STD,0.029562027865467022
griewank_d5_i003,griewank,5,d<=5,1000xD,PSO_CONSTR,0.027899104056008817
griewank_d5_i003,griewank,5,d<=5,1000xD,PSO_RING,0.018520643325512176
griewank_d5_i003,griewank,5,d<=5,1000xD,DE,0.027899104462014934
griewank_d5_i003,griewank,5,d<=5,1000xD,GA,0.044638420062678486
griewank_d5_i003,griewank,5,d<=5,1000xD,ES_ML,0.12402257359477764
griewank_d5_i003,griewank,5,d<=5,1000xD,GWO,0.03420079756593841
griewank_d5_i003,griewank,5,d<=5,1000xD,MFO,0.10706316215287681
griewank_d5_i003,griewank,5,d<=5,1000xD,WOA,0.04155042505767381
griewank_d5_i003,griewank,5,d<=5,1000xD,FA,0.061199975457411404
griewank_d5_i003,griewank,5,d<=5,1000xD,BA,0.05481551251204442
griewank_d5_i003,griewank,5,d<=5,1000xD,ALO,0.08328504907766465
griewank_d5_i004,griewank,5,d<=5,200xD,PSO_STD,0.04077909095904031
griewank_d5_i004,griewank,5,d<=5,200xD,PSO_CONSTR,0.034499705944388004
griewank_d5_i004,griewank,5,d<=5,200xD,PSO_RING,0.02958210607394063
griewank_d5_i004,griewank,5,d<=5,200xD,DE,0.14901804961127973
griewank_d5_i004,griewank,5,d<=5,200xD,GA,0.07290475754210934
griewank_d5_i004,griewank,5,d<=5,200xD,ES_ML,0.03205420308842999
griewank_d5_i004,griewank,5,d<=5,200xD,GWO,0.06034182976976832
griewank_d5_i004,griewank,5,d<=5,200xD,MFO,0.18804550448187762
griewank_d5_i004,griewank,5,d<=5,200xD,WOA,0.10040253828570522
griewank_d5_i004,griewank,5,d<=5,200xD,FA,0.13457210758986782
griewank_d5_i004,griewank,5,d<=5,200xD,BA,0.0607939504765963
griewank_d5_i004,griewank,5,d<=5,200xD,ALO,0.18375662537723503
griewank_d5_i004,griewank,5,d<=5,1000xD,PSO_STD,0.02709339608732453
griewank_d5_i004,griewank,5,d<=5,1000xD,PSO_CONSTR,0.019697356010341283
griewank_d5_i004,griewank,5,d<=5,1000xD,PSO_RING,0.014772456577222814
griewank_d5_i004,griewank,5,d<=5,1000xD,DE,0.027101844144365228
griewank_d5_i004,griewank,5,d<=5,1000xD,GA,0.04448781719926487
griewank_d5_i004,griewank,5,d<=5,1000xD,ES_ML,0.017236111917661612
griewank_d5_i004,griewank,5,d<=5,1000xD,GWO,0.03426026414093719
griewank_d5_i004,griewank,5,d<=5,1000xD,MFO,0.1285873277914923
griewank_d5_i004,griewank,5,d<=5,1000xD,WOA,0.05813241719277995
griewank_d5_i004,griewank,5,d<=5,1000xD,FA,0.088901254570244
griewank_d5_i004,griewank,5,d<=5,1000xD,BA,0.030860102357778807
griewank_d5_i004,griewank,5,d<=5,1000xD,ALO,0.08143413276117706
griewank_d10_i000,griewank,10,d<=10,200xD,PSO_STD,0.03703401890438229
griewank_d10_i000,griewank,10,d<=10,200xD,PSO_CONSTR,0.04230025781726787
griewank_d10_i000,griewank,10,d<=10,200xD,PSO_RING,0.1287715963276984
griewank_d10_i000,griewank,10,d<=10,200xD,DE,0.5889554966438209
griewank_d10_i000,griewank,10,d<=10,200xD,GA,0.18387350423297366
griewank_d10_i000,griewank,10,d<=10,200xD,ES_ML,0.008353018780024146
griewank_d10_i000,griewank,10,d<=10,200xD,GWO,0.16964893587878804
griewank_d10_i000,griewank,10,d<=10,200xD,MFO,0.7811370224020141
griewank_d10_i000,griewank,10,d<=10,200xD,WOA,0.40206987274748507
griewank_d10_i000,griewank,10,d<=10,200xD,FA,0.4318022847487173
griewank_d10_i000,griewank,10,d<=10,200xD,BA,0.20493714846925126
griewank_d10_i000,griewank,10,d<=10,200xD,ALO,0.7184864067491941
griewank_d10_i000,griewank,10,d<=10,1000xD,PSO_STD,0.037600854393591954
griewank_d10_i000,griewank,10,d<=10,1000xD,PSO_CONSTR,0.009864672061006163
griewank_d10_i000,griewank,10,d<=10,1000xD,PSO_RING,0.017237646806901763
griewank_d10_i000,griewank,10,d<=10,1000xD,DE,0.017710385897507952
griewank_d10_i000,griewank,10,d<=10,1000xD,GA,0.1389297231202179
griewank_d10_i000,griewank,10,d<=10,1000xD,ES_ML,0.009864672061006274
griewank_d10_i000,griewank,10,d<=10,1000xD,GWO,0.13035152062471023
griewank_d10_i000,griewank,10,d<=10,1000xD,MFO,0.6458041126737954
griewank_d10_i000,griewank,10,d<=10,1000xD,WOA,0.24931380584414287
griewank_d10_i000,griewank,10,d<=10,1000xD,FA,0.4304153357024326
griewank_d10_i000,griewank,10,d<=10,1000xD,BA,0.10308410530520284
griewank_d10_i000,griewank,10,d<=10,1000xD,ALO,0.47877309516328115
griewank_d10_i001,griewank,10,d<=10,200xD,PSO_STD,0.20556334255427822
griewank_d10_i001,griewank,10,d<=10,200xD,PSO_CONSTR,0.18715579045520037
griewank_d10_i001,griewank,10,d<=10,200xD,PSO_RING,0.0646382711919049
griewank_d10_i001,griewank,10,d<=10,200xD,DE,0.3838886665430412
griewank_d10_i001,griewank,10,d<=10,200xD,GA,0.1399574069532763
griewank_d10_i001,griewank,10,d<=10,200xD,ES_ML,0.025301764328786613
griewank_d10_i001,griewank,10,d<=10,200xD,GWO,0.15312751880111664
griewank_d10_i001,griewank,10,d<=10,200xD,MFO,0.7059891844706208
griewank_d10_i001,griewank,10,d<=10,200xD,WOA,0.18195410032850623
griewank_d10_i001,griewank,10,d<=10,200xD,FA,0.6670370152853731
griewank_d10_i001,griewank,10,d<=10,200xD,BA,0.1261129493077917
griewank_d10_i001,griewank,10,d<=10,200xD,ALO,0.6608555341270027
griewank_d10_i001,griewank,10,d<=10,1000xD,PSO_STD,0.08259728739306316
griewank_d10_i001,griewank,10,d<=10,1000xD,PSO_CONSTR,0.024610029557545876
griewank_d10_i001,griewank,10,d<=10,1000xD,PSO_RING,0.01722629475270676
griewank_d10_i001,griewank,10,d<=10,1000xD,DE,0.045017346540812464
griewank_d10_i001,griewank,10,d<=10,1000xD,GA,0.11437365272647426
griewank_d10_i001,griewank,10,d<=10,1000xD,ES_ML,0.17310992509151935
griewank_d10_i001,griewank,10,d<=10,1000xD,GWO,0.1414197116940915
griewank_d10_i001,griewank,10,d<=10,1000xD,MFO,0.6475093847899255
griewank_d10_i001,griewank,10,d<=10,1000xD,WOA,0.3206565986808706
griewank_d10_i001,griewank,10,d<=10,1000xD,FA,0.3252319173186149
griewank_d10_i001,griewank,10,d<=10,1000xD,BA,0.12273963062046411
griewank_d10_i001,griewank,10,d<=10,1000xD,ALO,0.48000728494374956
griewank_d10_i002,griewank,10,d<=10,200xD,PSO_STD,0.20789036382674442
griewank_d10_i002,griewank,10,d<=10,200xD,PSO_CONSTR,0.05802006921568037
griewank_d10_i002,griewank,10,d<=10,200xD,PSO_RING,0.11028629508109089
griewank_d10_i002,griewank,10,d<=10,200xD,DE,0.5652272428162464
griewank_d10_i002,griewank,10,d<=10,200xD,GA,0.15440389002268773
griewank_d10_i002,griewank,10,d<=10,200xD,ES_ML,0.061321431469837484
griewank_d10_i002,griewank,10,d<=10,200xD,GWO,0.2507558819272814
griewank_d10_i002,griewank,10,d<=10,200xD,MFO,0.7346182776550074
griewank_d10_i002,griewank,10,d<=10,200xD,WOA,0.32185710647095545
griewank_d10_i002,griewank,10,d<=10,200xD,FA,0.5220612500218855
griewank_d10_i002,griewank,10,d<=10,200xD,BA,0.36528714432551246
griewank_d10_i002,griewank,10,d<=10,200xD,ALO,0.6607904497902127
griewank_d10_i002,griewank,10,d<=10,1000xD,PSO_STD,0.16221496982814998
griewank_d10_i002,griewank,10,d<=10,1000xD,PSO_CONSTR,0.2912678219355129
griewank_d10_i002,griewank,10,d<=10,1000xD,PSO_RING,0.02216472089213939
griewank_d10_i002,griewank,10,d<=10,1000xD,DE,0.12467287783812275
griewank_d10_i002,griewank,10,d<=10,1000xD,GA,0.09657804437017947
griewank_d10_i002,griewank,10,d<=10,1000xD,ES_ML,0.007396040334115006
griewank_d10_i002,griewank,10,d<=10,1000xD,GWO,0.1644653993409484
griewank_d10_i002,griewank,10,d<=10,1000xD,MFO,0.5271098719567484
griewank_d10_i002,griewank,10,d<=10,1000xD,WOA,0.2397789221463018
griewank_d10_i002,griewank,10,d<=10,1000xD,FA,0.31200608421291054
griewank_d10_i002,griewank,10,d<=10,1000xD,BA,0.17554565648604614
griewank_d10_i002,griewank,10,d<=10,1000xD,ALO,0.35013406870924857
griewank_d10_i003,griewank,10,d<=10,200xD,PSO_STD,0.05936851515337116
griewank_d10_i003,griewank,10,d<=10,200xD,PSO_CONSTR,0.024691868018678287
griewank_d10_i003,griewank,10,d<=10,200xD,PSO_RING,0.0527769744914417
griewank_d10_i003,griewank,10,d<=10,200xD,DE,0.6544179078897003
griewank_d10_i003,griewank,10,d<=10,200xD,GA,0.14264041192547083
griewank_d10_i003,griewank,10,d<=10,200xD,ES_ML,0.12090746538801422
griewank_d10_i003,griewank,10,d<=10,200xD,GWO,0.2970035244097745
griewank_d10_i003,griewank,10,d<=10,200xD,MFO,0.6957912143322078
griewank_d10_i003,griewank,10,d<=10,200xD,WOA,0.3791562926078307
griewank_d10_i003,griewank,10,d<=10,200xD,FA,0.4895613829656391
griewank_d10_i003,griewank,10,d<=10,200xD,BA,0.3338856668956135
griewank_d10_i003,griewank,10,d<=10,200xD,ALO,0.6117360179436132
griewank_d10_i003,griewank,10,d<=10,1000xD,PSO_STD,0.047427492752642464
griewank_d10_i003,griewank,10,d<=10,1000xD,PSO_CONSTR,0.11463252779161803
griewank_d10_i003,griewank,10,d<=10,1000xD,PSO_RING,0.014782500893433581
griewank_d10_i003,griewank,10,d<=10,1000xD,DE,0.1214162366315279
griewank_d10_i003,griewank,10,d<=10,1000xD,GA,0.1078985243441497
griewank_d10_i003,griewank,10,d<=10,1000xD,ES_ML,0.012320988875107686
griewank_d10_i003,griewank,10,d<=10,1000xD,GWO,0.1621420296804118
griewank_d10_i003,griewank,10,d<=10,1000xD,MFO,0.5062318747293755
griewank_d10_i003,griewank,10,d<=10,1000xD,WOA,0.18301470069372727
griewank_d10_i003,griewank,10,d<=10,1000xD,FA,0.34619110445305357
griewank_d10_i003,griewank,10,d<=10,1000xD,BA,0.1406899703491703
griewank_d10_i003,griewank,10,d<=10,1000xD,ALO,0.5023664258858467
griewank_d10_i004,griewank,10,d<=10,200xD,PSO_STD,0.04810574740348772
griewank_d10_i004,griewank,10,d<=10,200xD,PSO_CONSTR,0.044397670164968206
griewank_d10_i004,griewank,10,d<=10,200xD,PSO_RING,0.16865299281924462
griewank_d10_i004,griewank,10,d<=10,200xD,DE,0.5751767632691098
griewank_d10_i004,griewank,10,d<=10,200xD,GA,0.19532279911470685
griewank_d10_i004,griewank,10,d<=10,200xD,ES_ML,0.09836972654580078
griewank_d10_i004,griewank,10,d<=10,200xD,GWO,0.2156433978592196
griewank_d10_i004,griewank,10,d<=10,200xD,MFO,0.6300899489077685
griewank_d10_i004,griewank,10,d<=10,200xD,WOA,0.2692487987561317
griewank_d10_i004,griewank,10,d<=10,200xD,FA,0.6249015206198898
griewank_d10_i004,griewank,10,d<=10,200xD,BA,0.6112872450328255
griewank_d10_i004,griewank,10,d<=10,200xD,ALO,0.6134470050815168
griewank_d10_i004,griewank,10,d<=10,1000xD,PSO_STD,0.2620476843510253
griewank_d10_i004,griewank,10,d<=10,1000xD,PSO_CONSTR,0.0172410209152829
griewank_d10_i004,griewank,10,d<=10,1000xD,PSO_RING,0.017244029845215336
griewank_d10_i004,griewank,10,d<=10,1000xD,DE,0.15262142888694796
griewank_d10_i004,griewank,10,d<=10,1000xD,GA,0.11189756470263956
griewank_d10_i004,griewank,10,d<=10,1000xD,ES_ML,0.08959680468987252
griewank_d10_i004,griewank,10,d<=10,1000xD,GWO,0.13703096103700163
griewank_d10_i004,griewank,10,d<=10,1000xD,MFO,0.6147413767780832
griewank_d10_i004,griewank,10,d<=10,1000xD,WOA,0.21475313390393513
griewank_d10_i004,griewank,10,d<=10,1000xD,FA,0.4107308747389222
griewank_d10_i004,griewank,10,d<=10,1000xD,BA,0.2510242006704232
griewank_d10_i004,griewank,10,d<=10,1000xD,ALO,0.49568423479873613
